USE ski_school;


INSERT INTO `admins` (`id`, `first_name`, `last_name`, `email`, `phone`, `password_hash`, `percent`, `created_at`, `updated_at`) VALUES
(1, 'Александра', 'Прохорова', 'alex-ra@mail.ru', '9182256644', NULL, 10, '2021-05-04 14:28:05', '2021-05-04 14:28:05'),
(2, 'Наталья', 'Иванова', 'natasha@ivanova.ru', '9284561232', NULL, 12, '2021-05-04 14:29:14', '2021-05-04 14:29:43'),
(3, 'Антон', 'Максимов', 'anton@mail.ru', '9882145698', NULL, 10, '2021-05-04 14:31:11', '2021-05-04 14:31:27'),
(4, 'Алена', 'Кравченко', 'alena@alena.com', '9182221144', NULL, 10, '2021-05-04 14:31:11', '2021-05-04 14:31:11'),
(5, 'Тамара', 'Пешеходова', 'tamara@ya.ru', '9283336633', NULL, 9, '2021-05-04 14:32:11', '2021-05-04 14:32:11');


INSERT INTO `categories` (`id`, `name`, `created_at`, `updated_at`) VALUES
(1, 'Индивидуальное занятие', '2021-05-04 14:34:13', '2021-05-04 14:34:13'),
(2, 'Групповое занятие', '2021-05-04 14:34:13', '2021-05-04 14:34:13'),
(3, 'Детское занятие', '2021-05-04 14:35:24', '2021-05-04 14:35:24'),
(4, 'Курс индивидуальных занятий', '2021-05-04 14:35:24', '2021-05-04 14:35:24'),
(5, 'Фрирайд', '2021-05-04 14:36:35', '2021-05-04 14:36:35'),
(6, 'Личный гид на день', '2021-05-04 14:36:35', '2021-05-04 14:36:35');


INSERT INTO `clients` (`id`, `first_name`, `last_name`, `email`, `phone`, `created_at`, `updated_at`) VALUES
(3, 'Татьяна', 'Волкова', '', '9682221123', '2021-05-04 14:41:13', '2021-05-04 14:41:13'),
(4, 'Михаил', 'Дворченко', 'email@email.com', '', '2021-05-04 14:42:00', '2021-05-04 14:42:00'),
(5, 'Александр', 'Некрасов', '', '9281234567', '2021-05-04 14:42:00', '2021-05-04 14:43:55'),
(6, 'Анастасия', 'Вертинская', '', '9263336547', '2021-05-04 14:42:36', '2021-05-04 14:44:11'),
(7, 'Мария', 'Новопольцева', 'novopolceva@mail.ru', '', '2021-05-04 14:42:36', '2021-05-04 14:44:25');


INSERT INTO `instructors` (`id`, `first_name`, `last_name`, `email`, `phone`, `ski`, `snowboard`, `english`, `percent`, `password_hash`, `created_at`, `updated_at`) VALUES
(1, 'Денис', 'Прокофьев ', '1702517@mail.ru', '9887774455', 1, 0, 0, 25, NULL, '2021-05-04 14:50:36', '2021-05-04 14:53:04'),
(2, 'Максим', 'Щукин ', 'shcu@gmail.com', '9871247377', 0, 1, 1, 25, NULL, '2021-05-04 14:50:36', '2021-05-04 14:50:36'),
(3, 'Ольга ', 'Некрасова', 'nekrasova@olga.com', '9997776655', 1, 0, 1, 30, NULL, '2021-05-04 14:52:36', '2021-05-04 14:52:36'),
(4, 'Эдуард', 'Девятов', 'devyatov@gmail.com', '9785554477', 1, 1, 0, 30, NULL, '2021-05-04 14:52:36', '2021-05-04 14:52:36'),
(5, 'Мария', 'Караваева ', 'maria@mail.ru', '9220141514', 1, 0, 0, 25, NULL, '2021-05-04 14:54:46', '2021-05-04 14:54:46'),
(6, 'Роман', 'Юрьев ', 'yuriev@mail.ru', '9996552868', 1, 1, 0, 25, NULL, '2021-05-04 14:54:46', '2021-05-05 11:45:57');


INSERT INTO `partners` (`id`, `name`, `phone`, `percent`, `created_at`, `updated_at`) VALUES
(1, 'Сайт', NULL, 0, '2021-05-04 14:57:12', '2021-05-04 14:57:12'),
(2, 'Краснополянский прокат', '9775566541', 15, '2021-05-04 14:57:12', '2021-05-04 14:57:12'),
(3, 'ИП Передвижников', '9778564123', 20, '2021-05-04 15:01:08', '2021-05-04 15:01:33'),
(4, 'ООО Лыжи', '9584562255', 10, '2021-05-04 15:01:08', '2021-05-04 15:01:46');


INSERT INTO `resorts` (`id`, `name`, `created_at`, `updated_at`) VALUES
(1, 'Роза Хутор', '2021-05-04 15:02:09', '2021-05-04 15:02:09'),
(2, 'Горки Город', '2021-05-04 15:02:09', '2021-05-04 15:02:09');


INSERT INTO `orders` (`id`, `admin_id`, `partner_id`, `client_id`, `resort_id`, `category_id`, `price`, `status`, `created_at`, `updated_at`) VALUES
(1, 1, 2, 5, 2, 4, 25000, 'in_process', '2021-05-04 15:05:59', '2021-05-04 15:05:59'),
(2, 4, 4, 6, 1, 3, 3000, 'paid', '2021-05-04 18:27:36', '2021-05-04 18:27:36'),
(3, 3, 3, 4, 2, 1, 4000, 'paid', '2021-05-04 18:27:36', '2021-05-04 18:27:36'),
(4, 1, 2, 4, 1, 6, 10000, 'paid', '2021-05-05 11:30:21', '2021-05-05 11:30:21');


-- строки с пустыми order_id - выходные часы инструктора
INSERT INTO `lessons` (`id`, `order_id`, `instructor_id`, `start_time`, `end_time`, `equipment`, `price`, `created_at`, `updated_at`) VALUES
(1, 1, 2, '2021-05-04 11:00:00', '2021-05-04 13:00:00', 'snowboard', 5000, '2021-05-04 15:07:08', '2021-05-05 11:45:04'),
(2, 1, 2, '2021-05-05 11:00:00', '2021-05-05 13:00:00', 'snowboard', 5000, '2021-05-04 15:07:29', '2021-05-05 11:45:07'),
(3, 1, 3, '2021-05-06 11:00:00', '2021-05-06 13:00:00', 'snowboard', 5000, '2021-05-04 15:07:40', '2021-05-05 11:45:11'),
(4, 1, 2, '2021-05-07 11:00:00', '2021-05-07 13:00:00', 'snowboard', 5000, '2021-05-04 15:07:47', '2021-05-05 11:45:15'),
(5, 1, 2, '2021-05-08 11:00:00', '2021-05-08 13:00:00', 'snowboard', 5000, '2021-05-04 15:08:00', '2021-05-05 11:45:18'),
(6, 1, 2, '2021-05-09 11:00:00', '2021-05-09 13:00:00', 'snowboard', 5000, '2021-05-04 15:08:08', '2021-05-05 11:45:22'),
(7, 2, 1, '2021-05-04 09:00:00', '2021-05-04 10:00:00', 'ski', 3000, '2021-05-05 10:36:04', '2021-05-05 11:45:26'),
(8, 3, 6, '2021-05-04 09:30:00', '2021-05-04 11:00:00', 'ski', 4000, '2021-05-05 10:36:04', '2021-05-05 11:45:29'),
(9, 4, 6, '2021-05-05 09:00:00', '2021-05-05 15:00:00', 'ski', 10000, '2021-05-05 11:31:12', '2021-05-05 11:59:08'),
(10, NULL, 1, '2021-05-06 00:00:00', '2021-05-06 23:59:00', NULL, 0, '2021-05-05 13:39:25', '2021-05-05 13:39:25'),
(11, NULL, 4, '2021-05-07 15:00:00', '2021-05-07 18:00:00', NULL, 0, '2021-05-05 13:39:25', '2021-05-05 13:39:25');
