-- MariaDB dump 10.17  Distrib 10.4.15-MariaDB, for Linux (x86_64)
--
-- Host: mysql.hostinger.ro    Database: u574849695_25
-- ------------------------------------------------------
-- Server version	10.4.15-MariaDB-cll-lve

/*!40101 SET @OLD_CHARACTER_SET_CLIENT=@@CHARACTER_SET_CLIENT */;
/*!40101 SET @OLD_CHARACTER_SET_RESULTS=@@CHARACTER_SET_RESULTS */;
/*!40101 SET @OLD_COLLATION_CONNECTION=@@COLLATION_CONNECTION */;
/*!40101 SET NAMES utf8mb4 */;
/*!40103 SET @OLD_TIME_ZONE=@@TIME_ZONE */;
/*!40103 SET TIME_ZONE='+00:00' */;
/*!40014 SET @OLD_UNIQUE_CHECKS=@@UNIQUE_CHECKS, UNIQUE_CHECKS=0 */;
/*!40014 SET @OLD_FOREIGN_KEY_CHECKS=@@FOREIGN_KEY_CHECKS, FOREIGN_KEY_CHECKS=0 */;
/*!40101 SET @OLD_SQL_MODE=@@SQL_MODE, SQL_MODE='NO_AUTO_VALUE_ON_ZERO' */;
/*!40111 SET @OLD_SQL_NOTES=@@SQL_NOTES, SQL_NOTES=0 */;

--
-- Table structure for table `communities`
--

DROP TABLE IF EXISTS `communities`;
/*!40101 SET @saved_cs_client     = @@character_set_client */;
/*!40101 SET character_set_client = utf8 */;
CREATE TABLE `communities` (
  `id` bigint(20) unsigned NOT NULL AUTO_INCREMENT,
  `name` varchar(145) COLLATE utf8mb4_unicode_ci NOT NULL,
  `description` varchar(245) COLLATE utf8mb4_unicode_ci DEFAULT NULL,
  `admin_id` bigint(20) unsigned NOT NULL,
  PRIMARY KEY (`id`),
  KEY `fk_communities_users_admin_idx` (`admin_id`),
  CONSTRAINT `fk_communities_users` FOREIGN KEY (`admin_id`) REFERENCES `users` (`id`)
) ENGINE=InnoDB AUTO_INCREMENT=101 DEFAULT CHARSET=utf8mb4 COLLATE=utf8mb4_unicode_ci;
/*!40101 SET character_set_client = @saved_cs_client */;

--
-- Dumping data for table `communities`
--

LOCK TABLES `communities` WRITE;
/*!40000 ALTER TABLE `communities` DISABLE KEYS */;
INSERT INTO `communities` VALUES (1,'asperiores','Sit rerum voluptatem rerum at consectetur ratione. Quasi reiciendis architecto ut omnis reiciendis sint. Consectetur voluptatem aut doloremque sunt voluptatem odio.',1),(2,'perspiciatis','Et at quis possimus nihil vel ut molestiae. Est eum aut est similique dolor. Tempore quia dolor eos est voluptas et ut.',2),(3,'soluta','Fugit ratione doloribus sit consequuntur cum tempora. A qui rerum quis dolor veritatis repellendus. Quae totam totam saepe dolore sunt et et. Eius et aut unde unde voluptatem sint.',3),(4,'praesentium','Quisquam eum ut ad deserunt. Ratione ut temporibus id iure. Et soluta eveniet nulla quibusdam ut quas et. Dignissimos sit temporibus velit est laboriosam.',4),(5,'alias','Dolorum assumenda et eaque quisquam ipsa autem. Placeat eligendi qui culpa necessitatibus eius inventore dolor. Quos optio voluptatem reprehenderit autem.',5),(6,'culpa','Amet laboriosam earum nulla. Dicta illo earum quos dolor. Beatae a ut iste officia sint qui. Optio quasi iure sequi nostrum.',6),(7,'ullam','Quos consequatur eligendi dolorem velit tempora est hic. Quibusdam ipsum corporis vero nihil reprehenderit blanditiis alias. Amet soluta alias reiciendis totam.',7),(8,'consequatur','Aut earum sapiente odit. Est et optio vero voluptate quo ad ut.',8),(9,'dolorem','Natus dignissimos occaecati aspernatur facilis provident cum. Qui rem expedita eos nisi neque. Deserunt accusamus reiciendis praesentium voluptatem veritatis cupiditate. Est saepe ea impedit.',9),(10,'consequatur','Iure repudiandae quia rerum nulla aut sit. Eligendi fugiat numquam quis voluptatum ex. Accusantium aspernatur qui fugit dolor non molestiae. Vitae aspernatur omnis est nam.',10),(11,'eius','Natus sit quia magnam debitis aperiam eos nostrum. Distinctio et vel qui est. Eius amet a et molestiae dolor facilis quia.',11),(12,'vitae','Est incidunt incidunt hic et. Et dolore reprehenderit doloribus nam odio facilis. Sit eveniet doloribus aut.',12),(13,'nemo','Aut culpa nostrum assumenda sed. Dolores sed quia exercitationem aut voluptas. Est incidunt tempora sapiente ratione odio. Possimus ea voluptatibus et qui voluptas laudantium quis.',13),(14,'aut','Quasi officiis pariatur non voluptas et numquam. Soluta non maxime nihil nostrum earum aliquid perspiciatis. Asperiores qui ea pariatur.',14),(15,'at','Commodi dolores est et consequatur consequatur ex. Placeat saepe voluptatem earum. Aut qui eos in doloremque voluptatem eaque rem. Cum eligendi omnis a ad necessitatibus culpa fugiat.',15),(16,'repellendus','Est deserunt nihil et ea aut voluptatibus ad. Quia voluptatem quasi aspernatur facere corporis. Fugiat temporibus deserunt est corrupti nihil rerum.',16),(17,'nihil','Facilis tempore cum aut earum voluptas animi. Aspernatur neque et eum. Deserunt quis autem quia ea vero. Aut et inventore omnis minus qui eum.',17),(18,'ea','Non provident quae animi. Recusandae qui omnis repellat cum id. Qui et doloribus sit.',18),(19,'ipsa','Omnis cumque omnis quasi sit laboriosam. Dicta ullam incidunt culpa. Voluptatum velit voluptas sed consequatur ea et quasi. Voluptas earum voluptatem maiores sunt dolorem minima harum.',19),(20,'aliquid','Et eius placeat et distinctio est eligendi laudantium. Aperiam molestiae fugit quos quas saepe.',20),(21,'nostrum','Aut assumenda molestias consectetur provident et itaque exercitationem. Ipsa ea similique eos atque aliquam eos ea. Sint laborum pariatur fugiat fugiat repudiandae voluptates. Ea eligendi minima aut enim sit et.',21),(22,'tempora','Nemo eius sint et. Laudantium quia sapiente minus repellendus debitis blanditiis. Voluptate corrupti minus architecto. Veritatis similique enim voluptas hic nihil. Quia non illo nobis aut.',22),(23,'nemo','Et id sit ut quod. Aut neque molestias quibusdam qui sed accusantium iste temporibus. Perspiciatis voluptatem qui quam. Quidem ut vel cupiditate consectetur et.',23),(24,'non','Ea aut et nulla et quia. Est recusandae in soluta facere. Inventore earum doloremque laboriosam adipisci quia. Vitae qui dolorem vel sint totam eligendi.',24),(25,'nisi','Ab animi esse aliquam qui earum ut. Reiciendis quia perspiciatis est laudantium. Pariatur aliquam modi sint sed hic. Ipsa iure ut optio iure accusantium beatae tenetur.',25),(26,'doloremque','Doloremque nam enim amet enim adipisci quod. Reprehenderit vitae molestiae sequi autem porro vel et. Fugiat eos enim rerum et. Modi delectus quam impedit quos quo sint dolor.',26),(27,'officiis','Autem et sit sunt et quam perferendis illum. Qui tempora et vel molestias qui. Assumenda ea ut perspiciatis earum exercitationem. Et voluptatibus doloremque sunt sit culpa.',27),(28,'nihil','Totam culpa eveniet omnis dolor amet aut. Aut eaque quia et. Ad labore temporibus debitis repellat id laudantium quod laboriosam.',28),(29,'ratione','Perferendis quasi et labore aut odio. Quasi modi qui iste natus quia. Eos ut qui optio ut.',29),(30,'nihil','Vel omnis sit corrupti voluptatem est qui. In vitae sint molestiae enim odit numquam. Dolores est repellendus qui repudiandae. Incidunt dolores ut ducimus consectetur.',30),(31,'illo','Repellendus est aut sapiente voluptas quisquam. Animi aut enim consequuntur iusto temporibus esse incidunt. Cumque labore nostrum iste dolorem numquam ut rerum dolor.',31),(32,'voluptas','Voluptas harum et et sed et quia. Distinctio omnis et et aperiam architecto rem nisi. Ducimus non eveniet rem dolorum et sint rerum. Illum nobis provident et porro voluptas.',32),(33,'atque','Et nulla iusto sed inventore. Laborum dignissimos voluptas qui molestias deleniti sed. Qui et est odit fugit nostrum mollitia consequatur. Quasi ut enim animi ipsam nemo distinctio minima repellendus.',33),(34,'similique','Ut assumenda et ab tempore dignissimos at voluptates. Minus quia in placeat soluta repudiandae accusantium vero qui. Cupiditate et reprehenderit sequi minus dolor quisquam. Nihil aut aperiam explicabo vel nesciunt.',34),(35,'voluptatibus','Magni sed itaque error est. Laudantium esse illum id.',35),(36,'rerum','Beatae accusamus aut ut voluptatem. Tenetur eveniet delectus autem suscipit ipsum laboriosam est.',36),(37,'dignissimos','Dicta rerum porro facilis. Qui placeat ratione illum aliquid modi et vel quidem.',37),(38,'dolores','Quae autem incidunt ut adipisci. Rerum expedita quo veniam ut. Porro libero consequatur totam beatae. Beatae dolorum tempora maiores libero consequatur.',38),(39,'sed','Voluptatibus et fugiat blanditiis. At molestiae minus fuga non. Ut aut autem assumenda vero repellendus.',39),(40,'voluptate','Sapiente unde praesentium qui esse et. Consectetur magni officiis aspernatur veniam cupiditate ut repellat.',40),(41,'nihil','Alias asperiores ipsam reprehenderit autem. Voluptas neque libero aperiam non et. Praesentium repudiandae odit non accusantium. Doloribus est et quod magnam et hic aspernatur.',41),(42,'earum','Reprehenderit sed natus optio sint sint reprehenderit ut itaque. Quia dignissimos nobis necessitatibus eligendi sit ea. Debitis et suscipit cum eius illum dolores reprehenderit.',42),(43,'facilis','Harum qui officia aut qui omnis quasi. Vitae recusandae deleniti hic eligendi et harum qui. Eius eum temporibus repellendus temporibus nihil officia.',43),(44,'earum','Aperiam repellendus quis nulla dolores voluptatem. Possimus qui nobis voluptas eum atque. Aut culpa vitae voluptatem reprehenderit et eum fuga. At corporis doloremque atque eaque autem dolorem illo.',44),(45,'est','Alias officiis doloribus fugiat. Laboriosam eum veritatis facilis aut omnis. Voluptatem quis ad dignissimos et.',45),(46,'cupiditate','Laboriosam quasi dolor molestiae minima. Aut aliquam tempore aut aut occaecati. Eius deserunt ad ipsum iste nihil iste.',46),(47,'tenetur','Voluptas repellendus et quaerat quasi. Numquam saepe voluptatem sunt voluptatem. Fugit corporis quidem vel iusto provident et. Perspiciatis fuga veniam enim facilis laborum.',47),(48,'et','Quis quos corporis itaque ea rerum dolorum. Voluptas maxime esse maiores sed occaecati praesentium non. Delectus ut consectetur in dolorem ex in. Reprehenderit quia eum incidunt ab a laboriosam aspernatur.',48),(49,'eum','Et enim porro illum sunt ea ea deserunt. Incidunt libero voluptates aut ut. Rem ut quia ut omnis.',49),(50,'occaecati','Aut est sit aut quae quisquam consequatur. Omnis aspernatur labore mollitia adipisci id quo. Eligendi accusantium quod omnis ut. In aliquid corporis debitis amet voluptate.',50),(51,'unde','Impedit tempora quia minus quo. Modi et qui accusamus ipsum et. Veniam perspiciatis ratione labore eos quas dolores. Nemo repellendus nam a sint velit iure doloremque. Iste fuga consequatur ex in repudiandae.',51),(52,'nam','Dolore sapiente provident ducimus ut dolor. Sit qui ea non est ut at. Incidunt quia ut possimus et illum. Et dignissimos ratione quis sed.',52),(53,'consequuntur','Quisquam modi quasi nisi ut. Soluta enim et et alias. Cupiditate quia quos non voluptatem facere veniam illum magni.',53),(54,'voluptatem','Ullam laboriosam qui illo eum. Vel ut velit aut consequatur quisquam consequatur dolores. Ipsam eum molestiae ut ratione eos.',54),(55,'sed','Optio quis suscipit et tempore non est. Pariatur optio et minus est. Consequuntur quo itaque amet voluptas unde adipisci id. Ducimus et ullam rerum ad dolore sint fugit.',55),(56,'sit','Natus ipsam culpa at ut non assumenda quibusdam. Nulla tempore voluptate sed dolore perferendis velit magnam ipsum. Assumenda quia veniam iure distinctio deleniti voluptas sint.',56),(57,'rerum','Ratione minus blanditiis et. Mollitia soluta occaecati voluptatem et ut dolor non. Aut suscipit explicabo omnis rerum asperiores consequatur odit sed.',57),(58,'voluptas','Hic sunt quo eum omnis. Et quis tempore et autem impedit adipisci omnis quo. Et fugiat esse vero corrupti quibusdam. Perferendis consequuntur consequuntur exercitationem exercitationem beatae eligendi fugit libero.',58),(59,'libero','Ut ea maxime voluptatem. Harum ipsa reprehenderit eveniet est et. Consequuntur sit odio dicta. Ut et iure dolores dolore eum eos.',59),(60,'itaque','Quasi sint tempora quis architecto ea voluptate. Consequatur omnis expedita commodi quidem cumque aut repudiandae voluptates. Aliquam cupiditate sapiente dolorem nihil necessitatibus voluptatem aut.',60),(61,'consequatur','Inventore hic et nulla eos. Earum inventore rerum tempora sit. Nihil aut sapiente nostrum.',61),(62,'pariatur','In accusantium saepe quam id enim placeat. Rerum ipsum possimus maxime voluptatem. Facilis temporibus consequuntur laboriosam sint. Totam atque suscipit inventore quis sed doloremque laboriosam beatae.',62),(63,'aut','Et vitae repellat modi. Nobis et facilis cumque. Perspiciatis repudiandae molestiae quaerat sit. Voluptatem et esse ipsum eveniet. Nobis cum quas consequatur molestiae impedit ut voluptate.',63),(64,'ullam','Voluptates in exercitationem sit aspernatur non autem eaque. Ad blanditiis velit est ad sed eos dicta velit. Sunt dolorum a soluta quia saepe voluptatum eligendi.',64),(65,'cum','Doloremque veritatis omnis qui totam ex inventore quae. Sunt animi dolorem praesentium nemo aut quia. Et placeat reprehenderit placeat ut labore.',65),(66,'aspernatur','Provident cupiditate pariatur repellendus et. Quia repudiandae sit porro maiores voluptate quos facilis. Recusandae dignissimos voluptatem optio error ea.',66),(67,'totam','Omnis eos facilis fuga amet a. Ullam at aliquam qui ut adipisci corporis dolores. Optio sit sint cumque quis officiis aut. Consequatur rerum maxime accusantium qui sunt. Ipsa quo maiores ducimus assumenda molestias quos est.',67),(68,'dignissimos','Aut voluptatem saepe illo neque veniam. Eius non soluta eligendi quae. Sed eveniet est dolor quisquam sunt hic suscipit.',68),(69,'quo','Quibusdam eligendi voluptatum consequatur. Vel aut veniam amet inventore et nulla enim aut. Non officiis dolorem veritatis cum assumenda autem velit. Atque voluptatem sed voluptatem nisi expedita velit.',69),(70,'aut','Consequatur aut dicta placeat non itaque quasi doloremque. Numquam modi reiciendis dolore dolorem mollitia in rerum. Alias quia velit eum ut dolor inventore. Et distinctio aliquam quod enim.',70),(71,'reprehenderit','Libero ab laborum voluptates neque. Magni exercitationem ea illo quod architecto in. Quod quod necessitatibus sit non.',71),(72,'ducimus','Est consequuntur incidunt provident. Enim tempore dolorem harum doloremque. Minus quibusdam voluptas molestias sed voluptates voluptatum.',72),(73,'eaque','Ratione deleniti neque nam. Laboriosam reprehenderit sequi est incidunt nisi. Autem ut neque doloribus qui quae facilis repellat. Et ipsa deserunt quos similique accusamus dolor qui. Quibusdam quia ut doloremque voluptas occaecati.',73),(74,'voluptatem','Illo soluta qui temporibus. Laborum ipsum et nulla non quo repudiandae.',74),(75,'suscipit','Suscipit corporis officia velit. Consequatur voluptatem fuga et facere consequatur in. Incidunt dolores excepturi doloremque in dignissimos. Ducimus consequuntur quo et eligendi est quas.',75),(76,'id','Voluptatibus saepe et incidunt. Autem rem ad delectus. Numquam cumque ipsa est eos dolor et.',76),(77,'delectus','Sunt dolores blanditiis dolore quia aut illum aut. Qui voluptatum quod et.',77),(78,'quae','Aut ipsum sapiente est velit ullam quia dolores. Placeat blanditiis hic quisquam sed rem. Aliquid at deleniti vero sit quis molestias doloremque officiis. Corrupti voluptatibus facilis nulla perspiciatis.',78),(79,'molestiae','Est dolores qui sint pariatur rerum qui tenetur sed. Omnis sunt maxime et recusandae accusantium. Ut et vero deleniti iste. Aut laudantium veniam iste quasi.',79),(80,'qui','Facere et molestias omnis optio. Quis repellat aut consequuntur neque natus. Quo id reprehenderit tempore minima et molestias alias. Vel rem libero necessitatibus dolor.',80),(81,'omnis','Amet dolorem optio ut temporibus incidunt. Ea atque optio libero sunt vero. Aperiam aut et placeat inventore repudiandae impedit. Laboriosam tempora repellendus illo sint ipsam.',81),(82,'dolore','Voluptas minima recusandae est quam ipsa magni et. Magni nulla eum voluptatum nesciunt aut. Et velit voluptatum praesentium.',82),(83,'porro','Delectus cumque reiciendis dolor. Est dolores ut magnam aut sit magni repellat. Quas laboriosam vel occaecati voluptatem quod quia rem.',83),(84,'assumenda','Rerum non et et aut id nostrum. Consectetur fuga a magnam labore quaerat necessitatibus ut. Nihil voluptas quia at in.',84),(85,'perspiciatis','Necessitatibus id qui alias. Animi nobis non ducimus ea sunt.',85),(86,'quod','Quo quibusdam laborum quos neque. Non temporibus beatae recusandae eius temporibus eligendi porro. Dolorem temporibus nesciunt et omnis itaque delectus aut.',86),(87,'id','Qui debitis dolorem accusamus omnis consequatur. Eius voluptatum suscipit nulla dolore fuga numquam rerum. Autem autem eum sequi voluptatum commodi sint aut. Velit qui qui alias sed.',87),(88,'amet','Doloremque sit adipisci unde esse. Suscipit qui sed sit fuga quas. Debitis dolores modi temporibus est.',88),(89,'necessitatibus','Fugit commodi autem consequatur itaque. Cum natus et sed qui omnis. Quia odit fugiat accusantium hic officiis nobis.',89),(90,'voluptates','Sint ut est autem omnis atque. Voluptas sint error qui. Qui mollitia quisquam dolores commodi distinctio placeat dolorem.',90),(91,'ut','Voluptatum dicta autem deleniti ut. Unde iusto autem beatae voluptas autem ipsam in. Non repellat illum rerum libero delectus et. Cum repellendus delectus cum assumenda id sit sit laudantium. Expedita voluptatem temporibus sed asperiores assumen',91),(92,'porro','Non quia et sint et nulla sunt. Rerum odit facilis quia non quis nihil. Voluptatem quasi dolor beatae ipsam qui corrupti molestiae a.',92),(93,'assumenda','Neque tempora et animi veniam placeat. Quasi voluptate quia cumque suscipit perferendis est. Numquam placeat non id. Quia in rerum et et dolorem veniam.',93),(94,'ea','Dignissimos rerum ipsam sapiente error qui. Tempora qui est amet totam molestias. Sed provident aliquam ea consequatur vitae aut dolores. Qui nisi cum magni non totam autem.',94),(95,'est','Ut officiis voluptatem maiores. Quo aut nesciunt autem id minus. Dolor voluptas magnam a. Dignissimos facere pariatur placeat facere.',95),(96,'sunt','Ut aut eveniet ipsa laborum. Vel aspernatur laudantium repellat quia amet qui quo. Voluptates labore officiis fuga quibusdam velit consequatur.',96),(97,'et','Et tempora placeat ratione maiores iusto et delectus. Optio numquam beatae expedita possimus voluptas eos. Recusandae veniam enim aliquid ut aut aut.',97),(98,'quod','Et voluptatem velit quo cupiditate assumenda ut. Dicta aliquid est quo voluptatem necessitatibus omnis voluptatum. Sit qui error perferendis sit ex voluptatem.',98),(99,'maxime','Consequatur ad magnam ab totam. Inventore inventore et quaerat repellendus non. Dicta aut deleniti quas adipisci.',99),(100,'veniam','Saepe molestiae quibusdam natus esse dignissimos nesciunt provident. Id aut perferendis unde. Qui quaerat cum et voluptatem aspernatur rem.',100);
/*!40000 ALTER TABLE `communities` ENABLE KEYS */;
UNLOCK TABLES;

--
-- Table structure for table `communities_users`
--

DROP TABLE IF EXISTS `communities_users`;
/*!40101 SET @saved_cs_client     = @@character_set_client */;
/*!40101 SET character_set_client = utf8 */;
CREATE TABLE `communities_users` (
  `community_id` bigint(20) unsigned NOT NULL,
  `user_id` bigint(20) unsigned NOT NULL,
  `created_at` datetime NOT NULL DEFAULT current_timestamp(),
  PRIMARY KEY (`community_id`,`user_id`),
  KEY `communities_users_comm_idx` (`community_id`),
  KEY `communities_users_users_idx` (`user_id`),
  CONSTRAINT `fk_communities_users_comm` FOREIGN KEY (`community_id`) REFERENCES `communities` (`id`),
  CONSTRAINT `fk_communities_users_users` FOREIGN KEY (`user_id`) REFERENCES `users` (`id`)
) ENGINE=InnoDB DEFAULT CHARSET=utf8mb4 COLLATE=utf8mb4_unicode_ci;
/*!40101 SET character_set_client = @saved_cs_client */;

--
-- Dumping data for table `communities_users`
--

LOCK TABLES `communities_users` WRITE;
/*!40000 ALTER TABLE `communities_users` DISABLE KEYS */;
INSERT INTO `communities_users` VALUES (1,1,'1993-08-14 09:41:16'),(2,2,'2008-07-09 15:48:39'),(3,3,'2006-06-10 11:04:15'),(4,4,'2020-10-12 10:51:17'),(5,5,'2008-05-26 19:24:57'),(6,6,'1999-11-17 01:30:24'),(7,7,'2007-12-07 12:57:55'),(8,8,'1980-10-10 22:30:29'),(9,9,'2019-02-16 18:14:02'),(10,10,'1974-11-19 17:40:27'),(11,11,'1982-10-25 13:12:35'),(12,12,'1978-07-23 17:44:13'),(13,13,'1999-04-20 09:23:50'),(14,14,'2009-04-23 05:07:47'),(15,15,'2016-06-03 19:11:59'),(16,16,'1975-06-15 21:11:46'),(17,17,'1971-06-17 08:57:13'),(18,18,'1982-05-19 06:56:31'),(19,19,'2014-03-26 02:37:59'),(20,20,'2015-12-26 04:19:00'),(21,21,'1999-09-10 21:30:08'),(22,22,'1978-03-14 15:42:35'),(23,23,'1993-12-26 18:20:29'),(24,24,'2011-03-06 04:32:52'),(25,25,'1990-01-02 12:22:17'),(26,26,'1981-09-16 23:51:59'),(27,27,'2008-04-19 10:20:14'),(28,28,'1996-10-22 06:34:39'),(29,29,'1991-05-23 13:41:22'),(30,30,'1996-06-05 10:19:52'),(31,31,'2019-06-07 23:01:17'),(32,32,'2012-11-25 19:47:53'),(33,33,'2020-10-11 01:14:49'),(34,34,'1988-01-18 06:36:40'),(35,35,'2009-02-23 18:34:33'),(36,36,'2021-03-11 05:23:31'),(37,37,'2011-08-06 23:15:05'),(38,38,'1994-05-06 11:51:18'),(39,39,'2005-04-13 10:20:31'),(40,40,'1972-04-15 21:13:31'),(41,41,'2006-04-25 21:05:10'),(42,42,'1989-08-26 03:39:46'),(43,43,'2010-07-13 16:08:47'),(44,44,'2009-09-03 05:32:35'),(45,45,'1988-07-10 11:05:56'),(46,46,'1984-02-08 21:09:03'),(47,47,'1994-12-09 09:50:38'),(48,48,'2002-02-23 16:36:34'),(49,49,'1996-10-07 03:59:43'),(50,50,'1987-02-28 03:10:28'),(51,51,'2003-06-07 08:58:58'),(52,52,'1980-01-19 06:30:00'),(53,53,'1994-09-29 08:21:03'),(54,54,'1980-08-05 00:32:14'),(55,55,'1981-01-17 06:18:00'),(56,56,'1994-05-08 19:25:09'),(57,57,'2015-03-28 21:01:59'),(58,58,'2009-11-08 00:28:29'),(59,59,'2014-03-26 11:06:47'),(60,60,'2003-06-06 05:47:45'),(61,61,'1997-04-08 03:17:13'),(62,62,'1982-04-01 06:16:47'),(63,63,'1976-07-21 20:51:36'),(64,64,'1975-10-26 08:48:34'),(65,65,'1996-11-22 11:54:33'),(66,66,'2015-03-08 08:43:22'),(67,67,'1972-11-29 13:25:48'),(68,68,'1994-07-27 15:04:17'),(69,69,'2017-08-10 12:31:16'),(70,70,'1984-02-28 02:56:44'),(71,71,'2016-12-01 03:29:29'),(72,72,'2014-06-16 10:54:53'),(73,73,'1988-09-06 12:32:21'),(74,74,'2000-09-01 20:11:18'),(75,75,'1983-07-11 23:20:45'),(76,76,'1983-08-12 06:27:38'),(77,77,'2004-10-14 02:59:37'),(78,78,'1996-02-08 22:35:27'),(79,79,'2020-01-22 21:29:36'),(80,80,'1984-02-19 05:19:38'),(81,81,'1977-03-19 05:58:59'),(82,82,'1982-11-06 16:44:33'),(83,83,'1976-07-16 03:08:35'),(84,84,'1990-10-04 13:29:10'),(85,85,'1976-05-04 17:25:02'),(86,86,'1980-05-04 20:00:04'),(87,87,'1980-06-26 15:45:17'),(88,88,'1981-06-10 10:16:03'),(89,89,'2007-04-28 19:20:51'),(90,90,'1996-04-27 21:05:15'),(91,91,'1970-07-25 00:31:15'),(92,92,'1980-04-20 07:01:10'),(93,93,'1973-12-22 13:29:46'),(94,94,'2021-02-20 15:16:51'),(95,95,'1997-12-27 12:35:37'),(96,96,'1976-10-19 01:01:05'),(97,97,'1973-07-15 07:12:34'),(98,98,'1996-07-06 08:06:36'),(99,99,'2014-01-10 10:37:02'),(100,100,'1991-01-08 05:34:18');
/*!40000 ALTER TABLE `communities_users` ENABLE KEYS */;
UNLOCK TABLES;

--
-- Table structure for table `friend_requests`
--

DROP TABLE IF EXISTS `friend_requests`;
/*!40101 SET @saved_cs_client     = @@character_set_client */;
/*!40101 SET character_set_client = utf8 */;
CREATE TABLE `friend_requests` (
  `from_user_id` bigint(20) unsigned NOT NULL,
  `to_user_id` bigint(20) unsigned NOT NULL,
  `accepted` tinyint(1) DEFAULT 0,
  PRIMARY KEY (`from_user_id`,`to_user_id`),
  KEY `fk_friend_requests_from_user_idx` (`from_user_id`),
  KEY `fk_friend_requests_to_user_idx` (`to_user_id`),
  CONSTRAINT `fk_friend_requests_users_1` FOREIGN KEY (`from_user_id`) REFERENCES `users` (`id`),
  CONSTRAINT `fk_friend_requests_users_2` FOREIGN KEY (`to_user_id`) REFERENCES `users` (`id`)
) ENGINE=InnoDB DEFAULT CHARSET=utf8mb4 COLLATE=utf8mb4_unicode_ci;
/*!40101 SET character_set_client = @saved_cs_client */;

--
-- Dumping data for table `friend_requests`
--

LOCK TABLES `friend_requests` WRITE;
/*!40000 ALTER TABLE `friend_requests` DISABLE KEYS */;
INSERT INTO `friend_requests` VALUES (1,1,0),(2,2,0),(3,3,0),(4,4,0),(5,5,0),(6,6,0),(7,7,0),(8,8,0),(9,9,0),(10,10,0),(11,11,0),(12,12,0),(13,13,0),(14,14,0),(15,15,0),(16,16,0),(17,17,0),(18,18,0),(19,19,0),(20,20,0),(21,21,0),(22,22,0),(23,23,0),(24,24,0),(25,25,0),(26,26,0),(27,27,0),(28,28,0),(29,29,0),(30,30,0),(31,31,0),(32,32,0),(33,33,0),(34,34,0),(35,35,0),(36,36,0),(37,37,0),(38,38,0),(39,39,0),(40,40,0),(41,41,0),(42,42,0),(43,43,0),(44,44,0),(45,45,0),(46,46,0),(47,47,0),(48,48,0),(49,49,0),(50,50,0),(51,51,0),(52,52,0),(53,53,0),(54,54,0),(55,55,0),(56,56,0),(57,57,0),(58,58,0),(59,59,0),(60,60,0),(61,61,0),(62,62,0),(63,63,0),(64,64,0),(65,65,0),(66,66,0),(67,67,0),(68,68,0),(69,69,0),(70,70,0),(71,71,0),(72,72,0),(73,73,0),(74,74,0),(75,75,0),(76,76,0),(77,77,0),(78,78,0),(79,79,0),(80,80,0),(81,81,0),(82,82,0),(83,83,0),(84,84,0),(85,85,0),(86,86,0),(87,87,0),(88,88,0),(89,89,0),(90,90,0),(91,91,0),(92,92,0),(93,93,0),(94,94,0),(95,95,0),(96,96,0),(97,97,0),(98,98,0),(99,99,0),(100,100,0);
/*!40000 ALTER TABLE `friend_requests` ENABLE KEYS */;
UNLOCK TABLES;

--
-- Table structure for table `media`
--

DROP TABLE IF EXISTS `media`;
/*!40101 SET @saved_cs_client     = @@character_set_client */;
/*!40101 SET character_set_client = utf8 */;
CREATE TABLE `media` (
  `id` bigint(20) unsigned NOT NULL AUTO_INCREMENT,
  `user_id` bigint(20) unsigned NOT NULL,
  `media_types_id` int(10) unsigned NOT NULL,
  `file_name` varchar(245) COLLATE utf8mb4_unicode_ci DEFAULT NULL COMMENT '/files/folder/img.png',
  `file_size` bigint(20) DEFAULT NULL,
  `created_at` datetime NOT NULL DEFAULT current_timestamp(),
  PRIMARY KEY (`id`),
  KEY `fk_media_users_idx` (`user_id`),
  KEY `fk_media_media_types` (`media_types_id`),
  CONSTRAINT `fk_media_media_types` FOREIGN KEY (`media_types_id`) REFERENCES `media_types` (`id`),
  CONSTRAINT `fk_media_users` FOREIGN KEY (`user_id`) REFERENCES `users` (`id`)
) ENGINE=InnoDB AUTO_INCREMENT=101 DEFAULT CHARSET=utf8mb4 COLLATE=utf8mb4_unicode_ci;
/*!40101 SET character_set_client = @saved_cs_client */;

--
-- Dumping data for table `media`
--

LOCK TABLES `media` WRITE;
/*!40000 ALTER TABLE `media` DISABLE KEYS */;
INSERT INTO `media` VALUES (1,1,1,'et',0,'2018-12-21 23:50:10'),(2,2,2,'et',3506,'2016-01-20 00:14:36'),(3,3,3,'tenetur',82,'2009-04-28 11:44:12'),(4,4,4,'excepturi',187,'1974-07-20 04:26:55'),(5,5,1,'quos',76442,'1982-12-15 22:54:26'),(6,6,2,'quidem',0,'1973-06-15 10:45:01'),(7,7,3,'alias',2563,'1985-01-11 16:17:23'),(8,8,4,'excepturi',3574,'1974-12-03 10:53:34'),(9,9,1,'itaque',1660,'1996-12-13 13:11:15'),(10,10,2,'ex',64465142,'1977-03-28 16:14:36'),(11,11,3,'omnis',969651,'1981-05-24 07:13:46'),(12,12,4,'qui',0,'1973-04-08 10:12:33'),(13,13,1,'ut',0,'1997-01-22 12:43:50'),(14,14,2,'aut',216424,'2013-08-23 13:36:36'),(15,15,3,'fugit',0,'1982-07-27 01:53:33'),(16,16,4,'velit',0,'1994-09-02 14:57:49'),(17,17,1,'ab',30987929,'1983-11-01 02:39:28'),(18,18,2,'eos',58,'2020-05-27 09:20:21'),(19,19,3,'minima',39658,'2015-07-15 22:36:31'),(20,20,4,'rerum',390817117,'1991-01-28 05:28:28'),(21,21,1,'iure',582,'1992-04-21 05:28:31'),(22,22,2,'optio',0,'1984-02-15 16:01:15'),(23,23,3,'sint',4236,'1974-10-10 09:55:40'),(24,24,4,'iste',8,'1998-01-11 09:38:20'),(25,25,1,'itaque',8217376,'2015-11-07 00:52:46'),(26,26,2,'veritatis',3,'2019-07-20 17:55:02'),(27,27,3,'ipsum',280531,'1989-08-15 13:28:05'),(28,28,4,'cum',2,'1982-03-13 02:53:31'),(29,29,1,'quia',9,'2012-08-09 11:32:42'),(30,30,2,'asperiores',0,'1992-11-04 15:36:28'),(31,31,3,'inventore',81133,'1977-04-24 04:34:59'),(32,32,4,'qui',55412990,'1982-01-10 20:33:32'),(33,33,1,'rem',665615242,'1994-11-21 05:28:34'),(34,34,2,'molestiae',88638,'2004-11-13 06:23:55'),(35,35,3,'et',3,'2012-04-21 20:17:39'),(36,36,4,'qui',658845,'1983-10-08 22:53:20'),(37,37,1,'architecto',4304,'2000-06-19 17:33:30'),(38,38,2,'porro',10357,'2002-05-08 20:15:56'),(39,39,3,'quis',242304,'1971-11-03 15:46:32'),(40,40,4,'placeat',0,'2017-08-01 08:08:05'),(41,41,1,'quia',922414923,'1991-09-01 20:50:14'),(42,42,2,'nisi',3486644,'1986-09-24 06:04:39'),(43,43,3,'minima',55,'1995-06-29 06:56:51'),(44,44,4,'et',44,'1975-06-06 10:17:39'),(45,45,1,'rem',34,'1998-06-07 23:52:48'),(46,46,2,'repellat',77,'2005-02-15 17:16:57'),(47,47,3,'numquam',48,'2010-10-22 19:04:30'),(48,48,4,'est',4465,'1988-11-16 18:20:47'),(49,49,1,'fugiat',331451359,'2009-02-11 19:18:01'),(50,50,2,'laborum',8,'2018-05-24 18:30:53'),(51,51,3,'sint',0,'1998-02-22 02:05:03'),(52,52,4,'ipsum',7207850,'2006-11-27 08:28:50'),(53,53,1,'nihil',301611661,'2011-04-06 12:30:49'),(54,54,2,'inventore',312,'1991-01-10 10:37:24'),(55,55,3,'dolorem',3341,'2009-01-12 05:55:35'),(56,56,4,'error',768,'2006-04-30 17:00:47'),(57,57,1,'veniam',6401431,'2006-12-16 22:01:28'),(58,58,2,'laborum',8462,'2010-04-24 06:28:44'),(59,59,3,'pariatur',958579,'2016-06-17 23:58:21'),(60,60,4,'deleniti',437990,'2014-11-28 16:03:37'),(61,61,1,'perspiciatis',65855,'1973-08-25 19:11:21'),(62,62,2,'ullam',893930112,'1991-12-05 14:07:25'),(63,63,3,'est',0,'1970-03-09 07:20:01'),(64,64,4,'corrupti',97230,'2013-02-17 21:50:07'),(65,65,1,'earum',567448322,'1996-05-04 17:08:19'),(66,66,2,'autem',454,'1993-10-16 03:16:40'),(67,67,3,'quam',9126322,'2020-10-16 22:58:46'),(68,68,4,'vero',0,'1982-09-18 10:30:57'),(69,69,1,'aspernatur',6,'1976-01-26 19:28:48'),(70,70,2,'et',48883,'2005-03-01 10:06:07'),(71,71,3,'quisquam',46462280,'2009-07-30 04:34:05'),(72,72,4,'tempore',2,'1975-10-30 20:09:17'),(73,73,1,'blanditiis',87038,'2000-11-29 02:31:20'),(74,74,2,'non',20618,'2011-04-04 12:00:26'),(75,75,3,'nihil',771955130,'2013-04-25 03:24:15'),(76,76,4,'mollitia',347237,'2001-03-27 12:18:26'),(77,77,1,'repellat',6091005,'1989-02-19 11:44:17'),(78,78,2,'debitis',0,'2012-11-12 14:42:06'),(79,79,3,'debitis',613777880,'1987-04-15 15:26:53'),(80,80,4,'minima',763178810,'1975-10-15 12:46:51'),(81,81,1,'est',0,'1976-04-16 19:54:33'),(82,82,2,'rerum',94549,'1979-06-08 00:58:09'),(83,83,3,'ab',918,'1993-04-23 17:22:30'),(84,84,4,'beatae',83,'1981-08-26 16:33:16'),(85,85,1,'nihil',1247194,'2001-07-10 05:39:39'),(86,86,2,'voluptatem',3830982,'2013-06-03 08:27:44'),(87,87,3,'vel',2701851,'1991-04-06 06:46:03'),(88,88,4,'quam',191471,'1976-05-20 10:55:58'),(89,89,1,'id',787417808,'1975-05-12 03:58:14'),(90,90,2,'et',9182,'1970-09-11 13:59:31'),(91,91,3,'eum',76,'2015-05-24 07:37:03'),(92,92,4,'dignissimos',93191,'1990-05-29 23:00:16'),(93,93,1,'exercitationem',5528590,'2017-04-16 02:16:38'),(94,94,2,'nulla',6,'2000-03-16 05:23:12'),(95,95,3,'iusto',935039,'1986-12-15 01:46:31'),(96,96,4,'accusamus',467,'1976-10-06 09:28:21'),(97,97,1,'iste',115465,'1991-06-11 05:22:12'),(98,98,2,'amet',7975551,'1989-05-02 19:34:26'),(99,99,3,'atque',95044,'1981-10-08 10:57:44'),(100,100,4,'ut',4251,'1997-06-27 12:22:00');
/*!40000 ALTER TABLE `media` ENABLE KEYS */;
UNLOCK TABLES;

--
-- Table structure for table `media_types`
--

DROP TABLE IF EXISTS `media_types`;
/*!40101 SET @saved_cs_client     = @@character_set_client */;
/*!40101 SET character_set_client = utf8 */;
CREATE TABLE `media_types` (
  `id` int(10) unsigned NOT NULL AUTO_INCREMENT,
  `name` varchar(45) COLLATE utf8mb4_unicode_ci NOT NULL,
  PRIMARY KEY (`id`),
  UNIQUE KEY `name` (`name`)
) ENGINE=InnoDB AUTO_INCREMENT=5 DEFAULT CHARSET=utf8mb4 COLLATE=utf8mb4_unicode_ci;
/*!40101 SET character_set_client = @saved_cs_client */;

--
-- Dumping data for table `media_types`
--

LOCK TABLES `media_types` WRITE;
/*!40000 ALTER TABLE `media_types` DISABLE KEYS */;
INSERT INTO `media_types` VALUES (2,'consequatur'),(4,'consequuntur'),(1,'dolores'),(3,'unde');
/*!40000 ALTER TABLE `media_types` ENABLE KEYS */;
UNLOCK TABLES;

--
-- Table structure for table `messages`
--

DROP TABLE IF EXISTS `messages`;
/*!40101 SET @saved_cs_client     = @@character_set_client */;
/*!40101 SET character_set_client = utf8 */;
CREATE TABLE `messages` (
  `id` bigint(20) unsigned NOT NULL AUTO_INCREMENT,
  `from_user_id` bigint(20) unsigned NOT NULL,
  `to_user_id` bigint(20) unsigned NOT NULL,
  `txt` text COLLATE utf8mb4_unicode_ci NOT NULL,
  `is_delivered` tinyint(1) DEFAULT 0,
  `created_at` datetime NOT NULL DEFAULT current_timestamp(),
  `update_at` datetime DEFAULT NULL ON UPDATE current_timestamp(),
  PRIMARY KEY (`id`),
  KEY `fk_messages_from_user_idx` (`from_user_id`),
  KEY `fk_messages_to_user_idx` (`to_user_id`),
  CONSTRAINT `fk_messages_users_1` FOREIGN KEY (`from_user_id`) REFERENCES `users` (`id`),
  CONSTRAINT `fk_messages_users_2` FOREIGN KEY (`to_user_id`) REFERENCES `users` (`id`)
) ENGINE=InnoDB AUTO_INCREMENT=101 DEFAULT CHARSET=utf8mb4 COLLATE=utf8mb4_unicode_ci;
/*!40101 SET character_set_client = @saved_cs_client */;

--
-- Dumping data for table `messages`
--

LOCK TABLES `messages` WRITE;
/*!40000 ALTER TABLE `messages` DISABLE KEYS */;
INSERT INTO `messages` VALUES (1,1,1,'',1,'2001-06-23 05:33:39','2015-05-17 10:53:44'),(2,2,2,'',1,'1970-10-06 23:03:27','2013-11-19 23:52:41'),(3,3,3,'',1,'1979-09-24 22:16:46','1973-04-19 12:42:45'),(4,4,4,'',0,'1993-04-21 21:58:35','2021-03-30 15:29:58'),(5,5,5,'',1,'2018-04-28 05:43:57','2004-08-20 08:51:48'),(6,6,6,'',1,'1999-03-03 16:59:36','2005-08-21 11:07:15'),(7,7,7,'',1,'1976-02-03 15:01:36','1979-12-25 10:08:56'),(8,8,8,'',0,'1992-02-19 04:07:13','2016-04-27 03:48:15'),(9,9,9,'',0,'1994-06-04 04:42:17','1977-11-10 20:03:29'),(10,10,10,'',1,'1985-10-21 10:19:53','1998-05-12 10:38:31'),(11,11,11,'',1,'2018-03-29 13:34:45','1975-01-24 21:38:48'),(12,12,12,'',1,'2017-12-21 10:46:14','1976-01-27 23:31:24'),(13,13,13,'',1,'1988-02-19 20:10:18','1984-11-11 16:03:25'),(14,14,14,'',0,'1985-04-19 09:57:53','1978-10-19 00:43:27'),(15,15,15,'',1,'2010-07-03 16:22:42','2020-11-11 11:03:07'),(16,16,16,'',0,'2007-03-21 10:25:34','1999-05-30 20:02:54'),(17,17,17,'',1,'2001-07-07 17:42:56','2018-08-24 15:19:06'),(18,18,18,'',0,'1990-09-29 11:57:20','2005-11-15 20:14:53'),(19,19,19,'',0,'1989-01-27 18:16:17','2011-08-03 07:37:23'),(20,20,20,'',1,'1974-10-21 00:30:19','1995-03-07 13:35:38'),(21,21,21,'',1,'2009-09-17 00:41:45','2005-12-30 10:58:58'),(22,22,22,'',0,'1990-04-06 01:38:19','1974-12-19 20:12:29'),(23,23,23,'',0,'1996-07-08 11:28:09','2008-10-18 18:36:16'),(24,24,24,'',0,'1987-01-04 19:44:56','2019-06-29 10:40:54'),(25,25,25,'',1,'2003-08-11 00:42:52','2005-12-05 13:25:30'),(26,26,26,'',1,'2005-01-20 11:52:34','1982-01-12 16:30:30'),(27,27,27,'',1,'1974-07-23 16:53:54','1977-10-24 23:06:39'),(28,28,28,'',1,'1985-06-29 05:43:53','1976-07-21 05:16:22'),(29,29,29,'',1,'1970-05-19 06:56:27','2017-07-01 17:46:08'),(30,30,30,'',1,'2018-05-23 11:07:33','1994-04-23 05:31:56'),(31,31,31,'',1,'2011-09-18 03:03:53','1987-11-23 17:25:27'),(32,32,32,'',0,'1978-05-24 06:52:40','1972-05-17 05:34:03'),(33,33,33,'',1,'1988-02-19 01:36:36','2019-12-06 16:35:19'),(34,34,34,'',1,'1986-10-19 05:57:47','2007-06-22 23:07:09'),(35,35,35,'',0,'1991-04-10 09:12:06','2000-05-27 17:56:10'),(36,36,36,'',0,'1998-11-23 13:01:42','2016-04-25 20:49:39'),(37,37,37,'',1,'2013-03-03 16:00:40','2019-07-29 05:36:41'),(38,38,38,'',0,'1998-11-19 15:56:47','2004-10-10 08:38:18'),(39,39,39,'',0,'1976-11-24 06:30:10','1975-03-11 02:16:06'),(40,40,40,'',0,'2008-05-16 12:50:35','1994-08-23 23:27:12'),(41,41,41,'',0,'2015-12-02 06:57:07','1985-07-22 18:47:38'),(42,42,42,'',1,'2018-09-28 14:23:32','1981-12-19 02:25:39'),(43,43,43,'',1,'1989-09-25 16:29:17','1986-08-24 16:22:11'),(44,44,44,'',1,'2006-06-05 20:58:28','2005-10-29 08:14:05'),(45,45,45,'',1,'1999-07-28 10:55:17','1999-09-09 18:28:51'),(46,46,46,'',0,'2002-10-25 02:38:58','2003-05-30 08:44:32'),(47,47,47,'',0,'1980-12-12 18:01:31','1976-05-05 14:10:45'),(48,48,48,'',1,'2001-07-21 15:46:21','1980-07-21 03:23:11'),(49,49,49,'',1,'1982-12-20 11:26:20','1974-10-06 23:13:03'),(50,50,50,'',0,'2004-10-06 13:32:44','2014-01-06 05:55:24'),(51,51,51,'',1,'1997-06-21 20:01:50','1976-10-08 03:09:11'),(52,52,52,'',1,'2015-10-28 10:30:44','1975-12-13 04:48:04'),(53,53,53,'',0,'1984-04-03 09:04:00','2004-04-16 16:40:04'),(54,54,54,'',0,'2007-08-24 06:03:26','1986-10-03 10:23:06'),(55,55,55,'',1,'1972-08-24 14:52:33','2010-06-11 09:59:00'),(56,56,56,'',0,'2010-10-06 22:30:44','1983-02-24 19:51:41'),(57,57,57,'',0,'1972-01-20 02:07:20','2001-09-23 22:50:03'),(58,58,58,'',1,'2020-08-23 01:29:48','2015-08-07 11:14:55'),(59,59,59,'',0,'2011-06-11 16:44:48','2020-03-26 08:29:18'),(60,60,60,'',0,'1970-01-24 21:02:45','1990-09-16 08:58:10'),(61,61,61,'',1,'1973-07-26 19:25:36','1986-09-11 18:03:54'),(62,62,62,'',1,'1997-11-04 19:10:32','1975-08-16 13:50:48'),(63,63,63,'',0,'1972-05-17 08:18:48','2007-09-05 16:44:04'),(64,64,64,'',0,'1970-06-05 06:20:06','1983-07-07 11:38:58'),(65,65,65,'',0,'1976-11-29 05:04:25','1976-05-22 03:08:58'),(66,66,66,'',1,'2009-03-22 01:19:31','1997-01-15 05:01:49'),(67,67,67,'',0,'1989-05-13 06:53:46','2002-06-11 20:42:12'),(68,68,68,'',1,'1994-11-06 01:19:22','2005-11-23 23:19:06'),(69,69,69,'',0,'1997-03-15 09:30:32','2014-09-04 10:24:19'),(70,70,70,'',0,'2013-02-27 08:48:41','2009-06-15 05:21:43'),(71,71,71,'',1,'2006-01-27 09:33:35','1975-07-02 14:58:45'),(72,72,72,'',1,'1993-03-04 20:14:49','2002-09-23 17:47:27'),(73,73,73,'',0,'2005-07-04 11:30:32','1986-08-03 01:17:23'),(74,74,74,'',1,'1986-02-03 02:18:28','1984-03-29 18:53:50'),(75,75,75,'',1,'1993-06-25 05:45:08','2013-01-28 06:32:49'),(76,76,76,'',1,'1995-03-15 11:50:01','1971-02-08 17:15:16'),(77,77,77,'',0,'2007-04-20 17:12:29','2002-10-18 15:39:51'),(78,78,78,'',1,'1993-03-10 19:37:47','2019-01-20 18:15:25'),(79,79,79,'',1,'1994-06-14 18:03:07','1985-02-27 14:18:16'),(80,80,80,'',1,'2010-08-25 16:51:09','1986-06-19 01:35:50'),(81,81,81,'',0,'1974-04-29 08:30:13','1988-01-27 11:03:46'),(82,82,82,'',0,'1994-03-09 01:29:48','2016-06-10 11:15:57'),(83,83,83,'',1,'1990-10-07 18:11:24','1977-02-21 22:06:15'),(84,84,84,'',1,'2004-08-20 20:46:02','2006-05-31 05:29:25'),(85,85,85,'',1,'1991-02-13 18:28:40','2002-04-24 22:59:44'),(86,86,86,'',1,'2020-04-30 20:24:54','1994-02-15 18:33:54'),(87,87,87,'',0,'1971-11-12 03:02:57','2005-01-12 09:17:26'),(88,88,88,'',0,'2011-11-05 19:38:23','1986-04-21 12:20:32'),(89,89,89,'',1,'1981-11-22 23:31:45','2017-08-28 15:46:58'),(90,90,90,'',1,'1997-02-14 17:51:02','1979-06-28 11:38:52'),(91,91,91,'',0,'2006-08-05 07:50:45','2013-12-11 06:34:34'),(92,92,92,'',1,'1989-09-02 03:38:02','1996-04-12 15:47:09'),(93,93,93,'',0,'1974-11-06 01:54:50','1991-01-15 08:26:00'),(94,94,94,'',0,'2012-05-16 01:05:47','1991-07-17 07:39:11'),(95,95,95,'',1,'1994-12-08 23:37:41','1982-12-07 07:14:30'),(96,96,96,'',0,'1991-09-22 21:01:19','1987-10-10 14:13:38'),(97,97,97,'',1,'2010-05-16 06:26:21','1997-12-12 22:03:01'),(98,98,98,'',1,'2018-11-12 04:52:30','1987-03-28 12:09:44'),(99,99,99,'',1,'1972-05-03 19:01:36','1970-10-06 01:48:39'),(100,100,100,'',0,'2019-12-15 12:12:53','2012-07-03 00:56:49');
/*!40000 ALTER TABLE `messages` ENABLE KEYS */;
UNLOCK TABLES;

--
-- Table structure for table `posts`
--

DROP TABLE IF EXISTS `posts`;
/*!40101 SET @saved_cs_client     = @@character_set_client */;
/*!40101 SET character_set_client = utf8 */;
CREATE TABLE `posts` (
  `id` bigint(20) unsigned NOT NULL AUTO_INCREMENT,
  `user_id` bigint(20) unsigned NOT NULL,
  `txt` text COLLATE utf8mb4_unicode_ci NOT NULL,
  `created_at` datetime DEFAULT current_timestamp(),
  `updated_at` datetime DEFAULT NULL ON UPDATE current_timestamp(),
  PRIMARY KEY (`id`),
  KEY `user_idx` (`user_id`),
  CONSTRAINT `user_posts_fk` FOREIGN KEY (`user_id`) REFERENCES `users` (`id`)
) ENGINE=InnoDB AUTO_INCREMENT=101 DEFAULT CHARSET=utf8mb4 COLLATE=utf8mb4_unicode_ci;
/*!40101 SET character_set_client = @saved_cs_client */;

--
-- Dumping data for table `posts`
--

LOCK TABLES `posts` WRITE;
/*!40000 ALTER TABLE `posts` DISABLE KEYS */;
INSERT INTO `posts` VALUES (1,1,'','2009-02-17 01:31:51','1977-12-20 10:57:14'),(2,2,'','1981-02-01 08:00:28','2006-08-27 11:59:31'),(3,3,'','1980-09-25 16:02:56','2019-01-21 19:50:35'),(4,4,'','2003-06-10 01:56:07','2014-11-25 07:00:38'),(5,5,'','2021-02-14 06:26:26','1971-02-23 08:23:59'),(6,6,'','1989-01-05 13:35:07','1980-08-22 03:46:27'),(7,7,'','1998-02-26 14:37:51','1974-10-22 10:45:36'),(8,8,'','1997-01-31 13:39:47','1979-11-12 23:24:13'),(9,9,'','1984-10-27 10:32:04','1991-11-08 08:01:30'),(10,10,'','1983-07-28 21:29:01','2007-03-25 01:58:00'),(11,11,'','1995-08-22 04:49:35','2003-10-03 10:09:14'),(12,12,'','2014-02-22 09:17:20','1992-05-21 04:08:10'),(13,13,'','2012-03-28 18:23:08','1984-10-02 01:16:43'),(14,14,'','2018-01-30 21:29:58','2004-04-21 03:24:57'),(15,15,'','2007-02-13 20:52:43','1988-10-22 15:19:47'),(16,16,'','1984-05-12 14:18:01','1988-10-21 20:14:26'),(17,17,'','2015-10-14 23:05:47','1984-07-01 18:46:15'),(18,18,'','1973-09-09 11:35:53','1976-08-22 06:53:05'),(19,19,'','2003-03-23 01:54:27','1991-10-02 14:32:27'),(20,20,'','1998-10-28 07:59:55','2012-05-21 19:37:22'),(21,21,'','1984-01-12 12:23:00','1995-08-27 06:58:58'),(22,22,'','1976-09-21 03:17:31','1988-06-21 08:03:37'),(23,23,'','1980-05-26 03:35:33','2008-12-27 05:05:35'),(24,24,'','2017-12-16 05:53:03','1976-11-21 03:52:31'),(25,25,'','1976-02-10 07:52:03','1973-03-07 01:12:11'),(26,26,'','2010-03-31 21:34:29','2000-06-21 23:27:38'),(27,27,'','2018-12-16 02:57:47','1995-03-16 22:22:20'),(28,28,'','1971-06-03 16:04:24','2004-11-25 17:39:52'),(29,29,'','1978-12-29 16:40:12','1977-11-28 05:12:11'),(30,30,'','2010-12-09 10:14:11','2013-05-10 13:03:42'),(31,31,'','1976-01-07 23:30:36','1999-05-11 11:04:47'),(32,32,'','2007-08-05 21:01:39','2003-12-29 03:13:35'),(33,33,'','2009-03-23 12:08:36','2011-04-11 21:14:28'),(34,34,'','1980-02-10 06:14:59','1971-12-09 19:52:19'),(35,35,'','1984-09-05 23:37:56','2003-03-24 12:28:08'),(36,36,'','1984-01-24 12:12:29','2013-04-11 09:33:56'),(37,37,'','2000-06-20 13:05:52','1987-07-17 01:04:58'),(38,38,'','1982-11-16 09:23:40','1971-02-07 15:06:27'),(39,39,'','2005-11-12 07:33:51','2013-07-28 22:23:49'),(40,40,'','1972-10-25 16:15:12','1986-10-12 10:31:22'),(41,41,'','2004-07-22 11:53:34','1996-05-17 12:51:57'),(42,42,'','2012-02-09 17:42:33','2012-01-03 18:45:05'),(43,43,'','2002-05-14 00:50:24','1991-09-18 04:38:38'),(44,44,'','2008-03-25 04:17:16','1974-03-20 11:08:39'),(45,45,'','2020-07-21 16:19:20','1981-12-18 21:41:59'),(46,46,'','1981-11-14 05:37:03','1978-03-02 09:26:29'),(47,47,'','1970-01-20 01:02:59','1970-07-23 03:44:31'),(48,48,'','2019-09-05 11:27:32','2008-05-11 05:03:40'),(49,49,'','1972-07-27 16:48:05','1978-08-02 06:17:28'),(50,50,'','1978-11-14 13:30:42','1978-01-08 16:09:39'),(51,51,'','1984-07-18 17:58:01','2005-10-05 20:55:45'),(52,52,'','1981-04-29 10:25:57','2016-06-30 15:58:14'),(53,53,'','1974-02-25 18:24:50','2014-03-07 02:04:35'),(54,54,'','1989-06-15 14:26:28','2008-09-03 07:30:32'),(55,55,'','1979-10-05 07:43:39','1984-05-14 14:53:18'),(56,56,'','2008-10-04 03:10:22','1972-09-25 16:48:35'),(57,57,'','2017-02-14 05:47:10','1982-11-16 15:54:52'),(58,58,'','1979-07-09 17:30:49','1991-11-10 13:46:48'),(59,59,'','2003-04-29 15:19:19','1989-12-17 11:32:16'),(60,60,'','1975-08-16 02:01:35','1998-09-23 13:58:20'),(61,61,'','2012-11-18 07:31:01','2001-08-15 07:39:52'),(62,62,'','2011-05-19 13:14:39','1978-03-27 23:28:39'),(63,63,'','1986-01-05 01:32:26','1981-09-06 13:59:20'),(64,64,'','1990-03-10 17:45:06','1981-04-04 22:07:59'),(65,65,'','2018-12-18 22:09:03','2009-12-13 11:00:04'),(66,66,'','1971-01-14 00:40:43','2002-09-10 16:12:32'),(67,67,'','2017-09-15 08:33:24','1983-08-14 19:53:42'),(68,68,'','1975-07-08 21:54:49','1973-07-17 01:51:22'),(69,69,'','1989-07-08 23:34:39','2020-01-19 21:55:35'),(70,70,'','1974-05-10 21:54:00','1971-01-08 12:14:14'),(71,71,'','1987-11-25 23:14:16','2018-09-02 01:15:49'),(72,72,'','1970-03-12 10:08:40','1972-05-19 01:25:04'),(73,73,'','1974-02-26 17:54:30','2016-12-19 07:51:04'),(74,74,'','1979-10-03 00:15:26','2009-10-18 07:21:23'),(75,75,'','1999-08-10 07:25:31','2017-03-23 06:40:45'),(76,76,'','1977-02-13 11:44:54','2000-09-01 17:12:08'),(77,77,'','1973-05-06 11:53:04','2002-10-25 03:36:33'),(78,78,'','1999-03-13 17:02:10','1983-05-19 18:25:46'),(79,79,'','1977-02-18 00:51:46','2006-11-09 05:54:08'),(80,80,'','2002-01-18 10:48:34','2020-01-17 01:17:32'),(81,81,'','1996-03-26 16:29:57','2013-09-01 03:15:32'),(82,82,'','1988-02-19 07:07:44','2015-12-06 08:03:56'),(83,83,'','1970-05-30 21:04:31','1987-03-03 14:36:18'),(84,84,'','1982-09-25 14:29:47','2000-03-09 12:29:35'),(85,85,'','2002-12-15 14:36:55','1987-08-02 10:48:06'),(86,86,'','1988-03-27 13:51:45','2005-12-07 15:37:19'),(87,87,'','2004-01-27 02:35:59','1991-03-03 17:04:39'),(88,88,'','1980-04-12 15:27:28','1992-09-29 14:10:47'),(89,89,'','1979-11-25 21:34:08','1992-08-14 05:10:02'),(90,90,'','1979-08-27 14:14:42','2013-09-23 20:02:15'),(91,91,'','2000-08-11 21:17:56','1982-05-08 08:17:56'),(92,92,'','1986-05-24 02:10:47','1992-12-04 18:52:14'),(93,93,'','2003-03-06 14:53:16','2011-06-26 14:39:21'),(94,94,'','1998-09-02 08:50:54','1998-04-22 01:00:06'),(95,95,'','2020-03-22 23:26:58','1987-03-24 10:03:06'),(96,96,'','1995-01-05 08:32:32','1988-02-14 20:08:40'),(97,97,'','1998-07-24 12:39:45','1986-07-27 16:40:26'),(98,98,'','2020-10-08 01:14:13','1998-02-08 05:50:17'),(99,99,'','1976-08-31 19:46:24','1987-05-23 06:26:29'),(100,100,'','1987-11-11 11:43:59','1978-12-09 17:42:49');
/*!40000 ALTER TABLE `posts` ENABLE KEYS */;
UNLOCK TABLES;

--
-- Table structure for table `posts_likes`
--

DROP TABLE IF EXISTS `posts_likes`;
/*!40101 SET @saved_cs_client     = @@character_set_client */;
/*!40101 SET character_set_client = utf8 */;
CREATE TABLE `posts_likes` (
  `post_id` bigint(20) unsigned NOT NULL,
  `user_id` bigint(20) unsigned NOT NULL,
  `like_type` tinyint(1) DEFAULT 1,
  PRIMARY KEY (`post_id`,`user_id`),
  KEY `post_idx` (`post_id`),
  KEY `user_idx` (`user_id`),
  CONSTRAINT `posts_likes_fk` FOREIGN KEY (`post_id`) REFERENCES `posts` (`id`),
  CONSTRAINT `users_likes_fk` FOREIGN KEY (`user_id`) REFERENCES `users` (`id`)
) ENGINE=InnoDB DEFAULT CHARSET=utf8mb4 COLLATE=utf8mb4_unicode_ci;
/*!40101 SET character_set_client = @saved_cs_client */;

--
-- Dumping data for table `posts_likes`
--

LOCK TABLES `posts_likes` WRITE;
/*!40000 ALTER TABLE `posts_likes` DISABLE KEYS */;
INSERT INTO `posts_likes` VALUES (1,1,1),(2,2,1),(3,3,1),(4,4,1),(5,5,1),(6,6,1),(7,7,1),(8,8,1),(9,9,1),(10,10,1),(11,11,1),(12,12,1),(13,13,1),(14,14,1),(15,15,1),(16,16,1),(17,17,1),(18,18,1),(19,19,1),(20,20,1),(21,21,1),(22,22,1),(23,23,1),(24,24,1),(25,25,1),(26,26,1),(27,27,1),(28,28,1),(29,29,1),(30,30,1),(31,31,1),(32,32,1),(33,33,1),(34,34,1),(35,35,1),(36,36,1),(37,37,1),(38,38,1),(39,39,1),(40,40,1),(41,41,1),(42,42,1),(43,43,1),(44,44,1),(45,45,1),(46,46,1),(47,47,1),(48,48,1),(49,49,1),(50,50,1),(51,51,1),(52,52,1),(53,53,1),(54,54,1),(55,55,1),(56,56,1),(57,57,1),(58,58,1),(59,59,1),(60,60,1),(61,61,1),(62,62,1),(63,63,1),(64,64,1),(65,65,1),(66,66,1),(67,67,1),(68,68,1),(69,69,1),(70,70,1),(71,71,1),(72,72,1),(73,73,1),(74,74,1),(75,75,1),(76,76,1),(77,77,1),(78,78,1),(79,79,1),(80,80,1),(81,81,1),(82,82,1),(83,83,1),(84,84,1),(85,85,1),(86,86,1),(87,87,1),(88,88,1),(89,89,1),(90,90,1),(91,91,1),(92,92,1),(93,93,1),(94,94,1),(95,95,1),(96,96,1),(97,97,1),(98,98,1),(99,99,1),(100,100,1);
/*!40000 ALTER TABLE `posts_likes` ENABLE KEYS */;
UNLOCK TABLES;

--
-- Table structure for table `profiles`
--

DROP TABLE IF EXISTS `profiles`;
/*!40101 SET @saved_cs_client     = @@character_set_client */;
/*!40101 SET character_set_client = utf8 */;
CREATE TABLE `profiles` (
  `user_id` bigint(20) unsigned NOT NULL,
  `gender` enum('f','m','x') COLLATE utf8mb4_unicode_ci NOT NULL,
  `birthday` date NOT NULL,
  `photo_id` bigint(20) unsigned DEFAULT NULL,
  `user_status` varchar(30) COLLATE utf8mb4_unicode_ci DEFAULT NULL,
  `city` varchar(130) COLLATE utf8mb4_unicode_ci DEFAULT NULL,
  `country` varchar(130) COLLATE utf8mb4_unicode_ci DEFAULT NULL,
  PRIMARY KEY (`user_id`),
  UNIQUE KEY `photo_id` (`photo_id`),
  CONSTRAINT `fk_profiles_media` FOREIGN KEY (`photo_id`) REFERENCES `media` (`id`),
  CONSTRAINT `fk_profiles_users` FOREIGN KEY (`user_id`) REFERENCES `users` (`id`)
) ENGINE=InnoDB DEFAULT CHARSET=utf8mb4 COLLATE=utf8mb4_unicode_ci;
/*!40101 SET character_set_client = @saved_cs_client */;

--
-- Dumping data for table `profiles`
--

LOCK TABLES `profiles` WRITE;
/*!40000 ALTER TABLE `profiles` DISABLE KEYS */;
INSERT INTO `profiles` VALUES (1,'f','1971-11-05',1,'Delectus pariatur est enim dol','East Jaida','51924'),(2,'x','1995-01-12',2,'Perferendis consequatur volupt','Beckerberg',''),(3,'m','1978-10-04',3,'Placeat soluta sed minus commo','Legrosmouth','733'),(4,'m','1983-09-05',4,'Dolorum quia illum id praesent','East Noemieborough','6122'),(5,'m','1992-11-11',5,'Autem neque necessitatibus exp','Dereckberg','452678763'),(6,'f','1970-02-06',6,'Ipsa voluptatibus explicabo co','New Herthaton','552137949'),(7,'f','2010-08-08',7,'Cum quidem non ad deserunt. Te','South Alphonso','5807'),(8,'x','2019-12-02',8,'Dolorem ea hic natus illo. Lib','New Imelda','2858'),(9,'f','1991-02-21',9,'Assumenda in consequatur qui d','West Jadeview','369'),(10,'m','1978-01-15',10,'Quod alias sed corrupti autem ','Braunmouth','26083086'),(11,'x','1981-10-31',11,'Corporis ea consectetur est. A','East Orlandstad','70'),(12,'f','2009-08-21',12,'Qui cum impedit reiciendis qui','East Bobbiehaven','93'),(13,'f','2004-09-27',13,'Repellendus dolorem est volupt','North Mathew','6510778'),(14,'f','2010-06-29',14,'Ea voluptas illum tempora esse','Dejonchester','6'),(15,'x','2007-08-15',15,'Exercitationem explicabo non t','Carletonbury','74135'),(16,'m','1999-05-18',16,'Aspernatur aut error autem vol','Bergemouth','537221'),(17,'f','1971-02-13',17,'Ea sapiente nemo quia fuga. Fa','Vincenzostad',''),(18,'m','1986-08-19',18,'Consequatur saepe minima offic','Lake Gracie','26245627'),(19,'x','1987-08-09',19,'Id et sed quisquam at ut et so','Feeneymouth','14'),(20,'m','2016-04-28',20,'Fuga commodi doloribus ut aut ','Houstonburgh','9825655'),(21,'m','1982-06-13',21,'Delectus aliquam laborum nesci','West Carroll','60890890'),(22,'x','2013-05-26',22,'Voluptatum pariatur nobis expe','West Wilhelm','1'),(23,'x','1986-07-17',23,'Aut et tenetur nesciunt harum.','Lake Karlee','270930'),(24,'f','2011-05-11',24,'Ducimus ratione quod sed culpa','Flatleybury','1647460'),(25,'x','2000-04-14',25,'Similique sit voluptatem dolor','Lake Juvenalfurt','3590834'),(26,'m','2006-09-05',26,'Excepturi quod dolores quis re','Berylview','54618'),(27,'f','1998-03-08',27,'Et reprehenderit quia qui qui ','South Gaston','378'),(28,'f','2007-06-20',28,'Culpa mollitia dolorem est nis','Oliverview','4717'),(29,'f','2011-10-10',29,'Necessitatibus aut perferendis','South Omaside','43040'),(30,'f','2008-09-03',30,'Dolores nihil fugit sint eum t','North Revachester','88'),(31,'m','1991-11-09',31,'At eveniet ullam qui maiores s','Stefanport','123388'),(32,'x','2016-02-06',32,'Ex tempora quo nobis quo nihil','Port Leif','17'),(33,'m','2011-03-10',33,'Occaecati velit cupiditate max','Florianstad','15778'),(34,'x','1991-02-07',34,'Sint quia delectus temporibus ','North Isaifurt','8'),(35,'m','1985-03-02',35,'Blanditiis veniam et totam lab','Catharinemouth','565'),(36,'x','1980-05-19',36,'Nam est aut qui autem voluptat','South Giovani','7555'),(37,'f','2013-09-30',37,'Quos unde fugiat ut repellendu','Meaghanhaven','701260'),(38,'f','2005-01-24',38,'Commodi sed quidem cumque rati','North Alexandrine','643'),(39,'f','2014-04-28',39,'Voluptas sit autem ut atque qu','North Ismaelport','5471441'),(40,'f','1995-12-06',40,'Voluptatem voluptate assumenda','Pollichville','41268'),(41,'x','1994-08-20',41,'Nam cumque quae dolor enim. Vo','Lake Marianna','5'),(42,'x','1994-09-11',42,'Porro doloremque neque consequ','New Treva','96562'),(43,'f','1982-04-07',43,'Cum omnis autem aut id sit quo','Angelicahaven','2'),(44,'x','2010-04-13',44,'Alias unde quia qui quia labor','Pourosstad','9170'),(45,'f','2015-03-16',45,'Iste dolorem eius sunt. Aut ab','East Sheldon','16'),(46,'m','1979-07-29',46,'Illum eos fuga neque aut aut. ','Port Dalton','37410'),(47,'m','1976-11-05',47,'Deserunt voluptate ea ut est m','South Karelle','11825902'),(48,'x','1994-09-16',48,'Officia dicta labore atque et ','Douglasbury','7056'),(49,'f','1982-09-25',49,'Voluptatem quidem aliquid elig','Christatown','344311'),(50,'x','1980-03-28',50,'Aut est saepe est est ut repel','Delphachester','211'),(51,'f','1985-02-28',51,'Quis et voluptas reiciendis qu','Amystad','759938135'),(52,'x','1989-03-28',52,'Deleniti ut quia mollitia labo','North German','95666074'),(53,'x','1985-06-26',53,'In reiciendis rerum sint iusto','Deondreberg','18'),(54,'f','1977-11-28',54,'Et est est ipsa tempore. Conse','East Nettie','29184'),(55,'f','2007-12-04',55,'Rerum et fugiat officiis expli','Jacobimouth','2'),(56,'x','2016-01-09',56,'Officia aliquid qui et laudant','Sipesmouth','1715487'),(57,'m','1986-03-28',57,'Ut ullam autem eaque dolore de','Lake Laila','101481171'),(58,'f','1983-08-01',58,'Nostrum voluptas quo laborum a','Seamustown','20772'),(59,'m','1974-04-01',59,'Qui reiciendis sed dolor maxim','Lake Reba','630'),(60,'m','1992-03-14',60,'Ut totam voluptatem fuga repel','Gusmouth','57737630'),(61,'f','1991-12-06',61,'Accusamus quis iusto voluptate','West Cassieside','29223'),(62,'x','1988-10-07',62,'Deserunt possimus id provident','New Nyasia','7744209'),(63,'x','1979-12-25',63,'Adipisci quisquam commodi eos ','South Libbieside','56'),(64,'x','2001-06-25',64,'Distinctio sed eum tenetur cor','Spinkaside','761618066'),(65,'f','2006-09-08',65,'Minus ab harum veniam porro ve','Schustermouth','3009'),(66,'m','1987-11-02',66,'Et officiis aut qui eum illo c','North Lawrenceburgh','610'),(67,'x','1980-09-03',67,'Neque aut commodi qui. Assumen','Sporerstad','83960'),(68,'f','1980-08-30',68,'Quae qui alias quas id eos eum','Goodwinville','13468'),(69,'m','1979-06-22',69,'Ut repellendus est vero quidem','Port Ethel','341762838'),(70,'m','2005-05-03',70,'Sunt earum nam iusto iste cumq','West Josiah',''),(71,'m','1971-06-29',71,'Voluptatem aut molestiae conse','Schroederberg','446'),(72,'f','1997-02-11',72,'Id repellat illum omnis debiti','New Noemy','99066'),(73,'m','2013-04-08',73,'Natus minus dolore amet odit n','Waldoview','932'),(74,'f','2010-05-20',74,'Et qui quisquam ea possimus. C','Gorczanyborough','236'),(75,'m','1986-10-08',75,'Rerum possimus molestiae et do','Mayerthaven','2308037'),(76,'x','2017-07-05',76,'Veritatis ab voluptas numquam ','Kristyborough','5'),(77,'f','1996-02-16',77,'Possimus quo rerum aut cumque ','Tylerville','1270'),(78,'x','1980-11-17',78,'Voluptatem sint aut iste digni','Port Maia','593'),(79,'x','1995-02-20',79,'Deserunt a et et facilis persp','Wintheiserville','698138'),(80,'x','1975-04-19',80,'Aut et fugiat illum. Quos haru','Port Ludiemouth','700'),(81,'x','1981-07-14',81,'Doloribus dolorem tenetur veli','Berniceburgh','3278921'),(82,'f','1985-05-24',82,'Nesciunt illo nam vero nisi au','West Helgamouth','563'),(83,'x','2021-02-07',83,'Aut voluptas molestiae volupta','Bransonshire','921580493'),(84,'m','1991-06-03',84,'Et consequatur quisquam ab ill','New Eugeniaport','7377270'),(85,'m','1985-01-09',85,'Deserunt cumque quis adipisci ','West Madilynchester','1'),(86,'f','2002-07-11',86,'Maiores est voluptas ullam sed','North Spencerland','682659231'),(87,'m','2012-06-28',87,'Quam beatae perferendis vitae ','Lake Noemiview','556'),(88,'m','1978-08-24',88,'Soluta laborum ab neque animi ','Port Kamron','2500'),(89,'m','2016-07-13',89,'Enim dolores perspiciatis exce','North Arlene','95'),(90,'m','1989-08-27',90,'Aut dicta autem laborum et. Ve','Christville','682209165'),(91,'f','1996-11-25',91,'Ab minima beatae dolorem verit','East Tobin','4153978'),(92,'f','2017-09-27',92,'Dolorem recusandae consectetur','East Makenzie','9867'),(93,'f','1981-05-01',93,'Rem sed veniam velit. Aliquid ','Orntown','353114'),(94,'f','1999-08-19',94,'Ut dolore quas beatae aut ipsa','Lake Bridgetteville','2155898'),(95,'f','2008-05-06',95,'Dolores quaerat earum similiqu','Thurmanborough','282653622'),(96,'m','2013-02-28',96,'Quis aut soluta iusto qui. Quo','South Coryfort','67137'),(97,'x','1978-12-11',97,'Corrupti quis cumque quis cons','Agustinburgh','470014'),(98,'x','2019-11-04',98,'Debitis corrupti ut labore ill','Leannonhaven','717808'),(99,'f','1970-04-03',99,'Occaecati magni sunt minus qua','East Gabriellachester','5754'),(100,'x','1988-07-04',100,'Est suscipit dolorem dolor ips','Davishaven','3882435');
/*!40000 ALTER TABLE `profiles` ENABLE KEYS */;
UNLOCK TABLES;

--
-- Table structure for table `users`
--

DROP TABLE IF EXISTS `users`;
/*!40101 SET @saved_cs_client     = @@character_set_client */;
/*!40101 SET character_set_client = utf8 */;
CREATE TABLE `users` (
  `id` bigint(20) unsigned NOT NULL AUTO_INCREMENT,
  `first_name` varchar(145) COLLATE utf8mb4_unicode_ci NOT NULL,
  `last_name` varchar(145) COLLATE utf8mb4_unicode_ci NOT NULL,
  `email` varchar(145) COLLATE utf8mb4_unicode_ci NOT NULL,
  `phone` char(11) COLLATE utf8mb4_unicode_ci NOT NULL,
  `password_hash` char(65) COLLATE utf8mb4_unicode_ci DEFAULT NULL,
  `created_at` datetime NOT NULL DEFAULT current_timestamp(),
  PRIMARY KEY (`id`),
  UNIQUE KEY `email_idx` (`email`),
  UNIQUE KEY `phone_idx` (`phone`)
) ENGINE=InnoDB AUTO_INCREMENT=101 DEFAULT CHARSET=utf8mb4 COLLATE=utf8mb4_unicode_ci;
/*!40101 SET character_set_client = @saved_cs_client */;

--
-- Dumping data for table `users`
--

LOCK TABLES `users` WRITE;
/*!40000 ALTER TABLE `users` DISABLE KEYS */;
INSERT INTO `users` VALUES (1,'Lamont','Kemmer','sprice@example.net','1-262-845-4','178ec0adceb8d1af66ada79e2e2368fa26275cfc','1990-02-23 12:17:06'),(2,'Darren','O\'Connell','georgiana.kassulke@example.net','(879)728-92','20d5c3b87057e2d7bdd62f86c8c79b2e41f15ecb','2004-05-07 13:50:09'),(3,'Marcelino','Johns','bernhard.corkery@example.com','430-571-426','ce2f924bb7b89fae2a3487e334752ca32dbb66bf','1986-09-27 22:22:26'),(4,'Gust','Hills','fkilback@example.com','220-743-869','11ba560a331d5c811fe5e6386093430b210e8b38','1997-11-09 06:26:10'),(5,'Earnest','Ortiz','lrowe@example.org','218-696-137','8f206d1ad5d150965bba84fa13a3289eb58620ea','1971-08-06 14:12:13'),(6,'Kenton','Wintheiser','polly.hettinger@example.com','555.133.688','7ea68d78575fb7488b6deabc152eb8d9f78c186e','1991-05-09 15:23:53'),(7,'Graciela','Rolfson','randal.altenwerth@example.org','1-831-089-4','51db4ac2dfd6ad453390ac178d7a6a9bd044f00a','2020-06-04 20:06:35'),(8,'London','Metz','xprice@example.org','(070)276-85','9d2916a78a03634f513645eff86cc3e0d2abbaa1','2008-09-28 20:17:17'),(9,'Gertrude','Hills','mariam.lang@example.net','(088)493-05','d98dae927b7b3589442a6351aa7bc3762e03a5c4','1977-01-03 02:29:10'),(10,'Malachi','Botsford','caroline.jast@example.net','228.424.021','401f568cf13e9ccec2430222f45b40f2d79a1c87','2001-01-07 05:36:58'),(11,'Heather','Prohaska','osinski.alvena@example.net','190-197-310','c8f96367fb1f693d0fbe3b69af9136c75954da8f','1992-08-23 06:14:12'),(12,'Leann','Terry','emann@example.com','(039)952-26','1de80b288541e2109a2e639d3cf972eafcfda0c9','2018-07-27 10:48:47'),(13,'Charlie','Feil','onie99@example.net','(698)071-38','9d614eb8471c382b4044cc6b1997aac912faffd7','2012-06-20 00:58:03'),(14,'Cleta','Koch','quitzon.kurtis@example.org','+18(9)91556','14b4d3658f4d3484c01e41de0c305dc8bd862410','1994-07-31 09:16:38'),(15,'Tremaine','Carter','dock09@example.com','472.788.608','a79f17d7fa10128071a13522deffebaa8fa184fc','1984-03-19 15:21:45'),(16,'Elvera','Brown','may.wunsch@example.com','(480)481-99','9a62eabd2ce0e1a033855d7835a9063d68420108','2004-11-08 00:56:13'),(17,'Dovie','Schoen','suzanne63@example.org','1-336-254-6','cd8a5a4e03bf8ccb4375bbd35c95b9d9202ab099','1984-05-01 11:55:18'),(18,'Dylan','Homenick','rosetta.morissette@example.net','834.517.874','d4743c6a655384687e3a864c1df6aefe64904ddb','2004-04-30 03:21:33'),(19,'Shakira','Kemmer','cortez49@example.net','(718)914-54','20a5c80ad621cb78eec65d159ab8ca7422f789db','1998-05-29 22:32:02'),(20,'Taryn','Fisher','dax87@example.org','1-665-762-7','67d3b0785ecd94da5c9ee507a9df0e3c4b767b8f','1992-08-08 03:33:32'),(21,'Laurine','Abernathy','carey37@example.org','221-692-844','3a1677c07c5e1e5dcab3a7c1eb40136c2d26d117','1978-04-06 06:36:00'),(22,'Kaleigh','Tromp','bridie90@example.com','390.577.991','c31915a54e84fd3e1cebe78333d7469125b2598e','2016-04-22 08:56:27'),(23,'Kaela','Gorczany','samantha.russel@example.org','319-042-662','71a706d9be4f01c2292fbec2a8fd76b2d87b7520','1979-05-17 10:41:42'),(24,'Katelyn','Mraz','goyette.noelia@example.org','083-171-863','fed509e395e4ac8e29641bc18438a5f6150637b0','1976-02-25 17:02:28'),(25,'Turner','Gerhold','bernier.maximus@example.org','780.198.801','2757d95bfd5eec833898b646c32fd4603987ac55','1976-10-14 10:11:28'),(26,'Myrtice','Wiegand','stacy82@example.net','(235)786-45','c88d722e6ace685f1869af9885c2a5ddf308cbf3','2001-03-05 23:16:56'),(27,'Rene','Beier','joanie94@example.com','(343)336-56','7306d79b5b47459d86a1fd086fe6d0132440a1d7','2018-01-03 14:50:57'),(28,'Frieda','Torphy','wwilliamson@example.com','(541)936-19','b35d03ca3f4e1a066ff77262299c095ca85fd2fd','2016-10-26 12:04:31'),(29,'Kareem','Effertz','timmothy.schuppe@example.com','908-033-689','99c01b7a8b666c4d96ab751b2dd9a2defce38416','2004-04-15 13:45:32'),(30,'Winnifred','Hagenes','judy.spencer@example.com','+01(0)55217','fb3c1e35206af51c47b0194a726a3a1c3c23b39f','2004-08-29 18:48:11'),(31,'Quincy','Denesik','rrenner@example.com','(826)290-81','da30724c18b06d4112f0478914dbbcef188f4937','1980-10-20 22:32:25'),(32,'Precious','Larkin','esanford@example.org','482.652.195','54eaf6fb455c9850607a2dfd3bf7a3eec6a43af5','2016-05-04 19:49:00'),(33,'Raven','Koss','nrippin@example.net','1-022-287-1','eb7cf3820490a4cffac0c27aa363ebed00383701','2003-08-17 20:18:26'),(34,'Margret','Franecki','oleta.thompson@example.com','(016)922-18','9b231c83544df2d82e9fe4ce3b8904476a32e79c','2011-01-18 17:39:18'),(35,'Adaline','Dietrich','rau.will@example.com','(059)350-84','68eddca33e2f46e20895dba74983f7fc15d8fc7f','2010-06-23 12:11:57'),(36,'Margarette','Osinski','egrimes@example.com','280.705.107','12b2eb0b7ba1f6e3fb1b9f62bdb5e3824422103c','1974-11-19 00:10:43'),(37,'Lee','Kling','maegan70@example.org','843.660.190','4eebda184cd6af7c86b748ecbb34ee6244569799','1995-10-23 14:43:02'),(38,'Cathrine','Thompson','kurt88@example.org','1-675-776-4','c9337ee0ee93140ba9e77abbba858afcd08db4a8','1993-08-21 14:20:30'),(39,'Earlene','Gutmann','johnson.verda@example.net','1-051-492-4','e28adaff97d7fbae4bca38d97b9920e5e4444739','1997-05-11 09:42:03'),(40,'Amely','Price','nader.floyd@example.net','(503)370-38','943a780fced726ebb1cd0dc1023ad5f297e32ebe','1971-05-10 19:20:38'),(41,'Wilfredo','Mosciski','amelie.corkery@example.net','1-219-457-7','77805d652bd3f4015ecdb066deb0a2c5ac7f13e6','1989-03-09 10:42:45'),(42,'Rosalinda','Haag','russell72@example.org','216.453.310','414cc6102048ef42afd966fb671ab1cb23c37cd6','1975-08-13 06:57:11'),(43,'Janet','Wunsch','avery.lubowitz@example.org','+14(9)22179','2debca2ef639995136560bb07f2d14b699d7ba20','1990-04-13 21:26:11'),(44,'Samantha','Kuphal','joelle.cole@example.net','316-862-734','ae0b13a93f37dd85d28d853f8c7cfee5c3b62568','2006-02-12 11:55:41'),(45,'Gregoria','Daniel','lang.makenzie@example.org','1-060-128-3','3f6cc75269d4fbd898fd26113e5dccc2ab65615d','1971-10-24 17:31:43'),(46,'Malvina','Brown','abigayle.douglas@example.com','(271)226-01','8c2e4bce869ab378694395f5494ac23191bb1e16','2001-11-20 23:51:02'),(47,'Cloyd','Vandervort','schmitt.coralie@example.net','(097)240-14','6055dceffc335850f39dc6592f417a8e3a60fb82','2015-08-08 06:20:57'),(48,'Bertram','Rau','amaya.christiansen@example.com','742.764.335','8287e2c5e0a2b7b1d3011c1d065ec3ed10b05d58','2003-04-11 07:03:48'),(49,'Erika','Hickle','cortez35@example.com','413-478-996','aa6c3ccfd24c14d4d9300dff0568610b235db9ac','2017-03-29 03:48:52'),(50,'Henderson','Carroll','tborer@example.com','712-814-351','c69d239d7b6afdb96712be3a9ebf69015d1e8cda','2010-06-22 17:37:53'),(51,'Ila','Lockman','hschoen@example.com','+41(2)84782','56c09b748fcd95679e1c63715822a741502fbc63','1971-11-27 16:28:49'),(52,'Floy','Turner','maryam.blick@example.com','1-359-537-1','fde25ff34f5d4d1a6d9ec285f91dc144a06be53a','2011-01-19 19:57:59'),(53,'Bernita','Quitzon','zwitting@example.com','+59(2)98315','6532ea2c6035007c91d55ce2bf6c0271723aa97b','2018-08-28 18:03:18'),(54,'Vincenza','Renner','vgottlieb@example.com','1-960-229-9','08a03a3ff3741a90b13a9e6b438e08c7d735301b','1995-08-02 16:32:16'),(55,'Orin','Okuneva','keeling.anika@example.org','+63(9)13140','ff4e0b295626417e2aa7c5a01865dd1a382411cb','2019-05-20 09:45:26'),(56,'Salvatore','Marks','gayle.rau@example.org','1-200-060-6','1f703628d85027e3fdff402b469713fbb50582da','1985-01-15 06:15:02'),(57,'Jayson','Fahey','ari.marvin@example.net','(384)937-01','a96436657e52a270053ff1b378836d5c354a5f84','2011-12-12 04:40:19'),(58,'Rhoda','Windler','sratke@example.com','624-483-439','c893d7a573383fbbe0ce63bf11e2451c4969acf7','1985-09-23 21:36:44'),(59,'Anthony','Corwin','kadin79@example.org','(717)747-48','fe0bb770deac2ecc18a2627d1281af3e439e0590','2001-03-01 07:38:29'),(60,'Diego','Crooks','brakus.reese@example.com','(231)984-79','8bb3f1cf32d2bb369eb79180984da6125d975a47','1982-01-15 03:00:21'),(61,'Judson','Grimes','elizabeth71@example.net','1-254-169-3','6592e91739802a5496ea5b6757dc6119ce7787cd','2005-07-01 09:19:04'),(62,'Antonietta','Bins','wiza.ransom@example.net','1-762-754-5','5f9a8033b2dab16829200e7bd8a8c1300008b435','2010-06-02 04:09:50'),(63,'Hanna','Thompson','elna.conroy@example.net','305-001-134','9f18539fa4b612e5d14e2feb4a9aec12eb1e6b80','1987-05-25 13:32:19'),(64,'Gianni','Bruen','moore.tod@example.com','1-013-011-1','2da397e195947543eee519115a7a1f3033d1995f','2014-08-31 04:15:03'),(65,'Gia','Okuneva','eleonore55@example.org','(305)839-89','fb0d8e8a3b5805486bbd6d85a9f1ac6632cb9cf3','2001-11-01 05:26:13'),(66,'Jaquelin','Monahan','carley.hirthe@example.net','287-255-872','9f7851fe6714360ebc27dac4934971749569e2c3','1970-07-16 23:14:02'),(67,'Luella','Huels','kling.rigoberto@example.com','920-343-934','01d89379dbfeda717d9b893e1ba029672edf3ba7','1997-05-14 00:22:36'),(68,'Clark','Osinski','hayden45@example.net','951.932.885','0f7ac8dcd3284693e067a9eb06bfb81ce02cf3ac','1981-06-07 11:29:01'),(69,'Jude','Herzog','rschaefer@example.org','1-949-456-6','f67d22f0df9ee75018d0972f508a0946c91e87e7','1994-03-28 11:49:18'),(70,'Gregg','Goyette','qcarroll@example.net','1-541-354-6','552fbad36ac5a912b3be21cc336db4ced511b488','2009-08-08 23:06:52'),(71,'Rudy','Hirthe','bridie.pfeffer@example.com','809.503.139','f7c880427f7d714ddc90bec7d58b5cdbe3b7d983','1971-11-04 02:31:52'),(72,'Alvera','Cummings','mueller.alvah@example.com','(818)460-82','735bff48e1444ee45a1a001411bb1a96d80a9efb','1994-11-13 09:44:54'),(73,'Felipe','Kohler','nhessel@example.net','004-678-504','37ed571982ff9fcd5376528d844dfa93bf9d42cf','1981-11-26 16:29:42'),(74,'Ford','Breitenberg','wkutch@example.com','(500)866-86','1b5fc162fd2e6cfae6d2941b7a1a5f00a4f4532a','2017-06-27 10:27:09'),(75,'Carrie','Hermiston','gtoy@example.com','410-610-861','3ec139c85d2b2dbd491f39a150e42e8dc57da3cb','1972-02-21 22:15:37'),(76,'Aleen','Bergnaum','lehner.hazel@example.org','1-058-460-7','ab02892399bd895404fc3bcf483359943b118853','2003-10-03 21:17:04'),(77,'Agustina','Jacobi','lgaylord@example.net','(128)665-89','1577b09626451e4cb6de0d5414ed807bd3c570e5','2005-08-08 21:08:19'),(78,'Rodrick','Dach','nash28@example.com','465.253.510','07c2d104e3136da859eee16e780e7299bf265ff1','1981-03-07 11:21:41'),(79,'Christop','Larson','daniel.jayson@example.net','+24(3)89144','e5ba237949fc4b069877f1c3e8b599a2ae9bbce1','1999-05-03 18:33:29'),(80,'Noemy','Bartell','stiedemann.emmie@example.com','1-377-142-7','4d4fed05f89f625ff0734f55bb30a325ba681216','1991-05-16 07:13:28'),(81,'Lila','Daniel','pschmeler@example.com','293-391-662','d3efa9f7807813f0c7dda50773ff7051ea6343ff','2000-12-05 15:14:42'),(82,'Rey','Moen','hyman.connelly@example.com','728.845.825','856aa238491a7c7f90656609987b272b37e9589b','2014-04-04 19:15:37'),(83,'Nicola','Koepp','satterfield.emilio@example.com','09410294506','7496efc61d52efbc9c0a759202cd68e843b52663','1975-06-11 17:36:48'),(84,'Nikko','Pfeffer','jamarcus27@example.com','860-811-158','024211335b310a918560e69b155fa03573b9a444','2016-06-27 18:29:24'),(85,'Bud','Hudson','kuphal.erika@example.com','585.810.812','5c8d166ef19dfb2e6cf2ba729bec8f85089aee17','2002-06-04 19:36:38'),(86,'Dominique','Huels','carroll.reynolds@example.org','(813)236-54','39e725ad6a73df5969a9afef566ca60e57966bb1','1975-07-30 01:51:45'),(87,'Max','Hoeger','lulu17@example.org','1-650-966-8','3c758f2b598da14bef3a5d25010e51de6f888b9e','1995-11-15 12:02:58'),(88,'Lottie','Hintz','kelley23@example.org','593-761-417','c004d575f5399a469611b173444d4ea15bb09b29','1971-02-26 14:16:51'),(89,'Fannie','Ferry','arvel80@example.net','355.211.930','832cad00da179a2555706009d15b094ac8d51f54','2016-01-04 16:02:59'),(90,'Arnaldo','Grant','alysha.bayer@example.net','+61(7)80713','c093a373ae28dbfe2926c0dcd6fcba15dd11996a','2012-06-26 18:47:18'),(91,'Lillian','Olson','hansen.dagmar@example.com','765.367.470','078a0c5b542eb39e24aede3281eff102ddef4d7e','2001-11-21 01:51:11'),(92,'Alyce','Pfeffer','zemlak.lolita@example.org','1-602-312-3','68ea575b7862c06bb0c3fa049e681a2d90ab5d99','1993-01-24 11:41:03'),(93,'Tyreek','Kohler','margarette.rippin@example.com','(720)509-15','0969c727248c9d2a4269234ddc03486e84606b6e','1995-11-22 14:47:13'),(94,'Shanelle','Johnston','cstanton@example.com','+74(2)62413','47280de7183d5274971b888efd57e248fc873ac6','2016-03-16 06:39:46'),(95,'Wilfrid','Bernhard','landen21@example.com','089.271.211','c5a7dda5a4807fdb9c8ce544b6c566d1cd2c887e','2000-03-02 13:00:20'),(96,'Clarabelle','Hoeger','larkin.llewellyn@example.net','672.837.320','710c197cabe0d930a3d1024cce83442c1c4beae5','2018-12-20 15:59:35'),(97,'Rhianna','Mertz','kareem74@example.net','1-611-642-3','d42dfc0c407b97b5c3336e772f6f357af9255c02','1991-04-02 21:05:53'),(98,'Wilber','Schultz','nkulas@example.com','1-114-188-7','c1039bff49aa51396adaaee4d5835b7692d8d276','2006-05-07 13:50:01'),(99,'Ena','Nicolas','rachel.lindgren@example.net','754.459.162','902de7a8b7b45338008d0d59b8a19f7a6fc100e2','1972-12-30 12:11:08'),(100,'Faye','Gleichner','icorwin@example.net','(005)784-09','9d28ff887b2237322a47486d5935da68b96f57c1','1999-09-17 15:15:16');
/*!40000 ALTER TABLE `users` ENABLE KEYS */;
UNLOCK TABLES;
/*!40103 SET TIME_ZONE=@OLD_TIME_ZONE */;

/*!40101 SET SQL_MODE=@OLD_SQL_MODE */;
/*!40014 SET FOREIGN_KEY_CHECKS=@OLD_FOREIGN_KEY_CHECKS */;
/*!40014 SET UNIQUE_CHECKS=@OLD_UNIQUE_CHECKS */;
/*!40101 SET CHARACTER_SET_CLIENT=@OLD_CHARACTER_SET_CLIENT */;
/*!40101 SET CHARACTER_SET_RESULTS=@OLD_CHARACTER_SET_RESULTS */;
/*!40101 SET COLLATION_CONNECTION=@OLD_COLLATION_CONNECTION */;
/*!40111 SET SQL_NOTES=@OLD_SQL_NOTES */;

-- Dump completed on 2021-04-01 10:09:22
